spores,techs,exporting_region,unit,carriers,importing_region,transmission_capacity
0,ac_transmission,ESP-sink,gw,electricity,PRT-6_1,15.0
0,ac_transmission,PRT-6_1,gw,electricity,ESP-sink,15.0
0,ac_transmission,PRT_1,gw,electricity,PRT_2,4.2612168604188
0,ac_transmission,PRT_2,gw,electricity,PRT_1,4.2612168604188
1,ac_transmission,ESP-sink,gw,electricity,PRT-6_1,3.0000051227844
1,ac_transmission,PRT-6_1,gw,electricity,ESP-sink,3.0000051227844
1,ac_transmission,PRT_1,gw,electricity,PRT_2,3.9999999998771
1,ac_transmission,PRT_2,gw,electricity,PRT_1,3.9999999998771
2,ac_transmission,ESP-sink,gw,electricity,PRT-6_1,4.4884022592824
2,ac_transmission,PRT-6_1,gw,electricity,ESP-sink,4.4884022592824
2,ac_transmission,PRT_1,gw,electricity,PRT_2,4.0000000446568
2,ac_transmission,PRT_2,gw,electricity,PRT_1,4.0000000446568
3,ac_transmission,ESP-sink,gw,electricity,PRT-6_1,3.2493568572126
3,ac_transmission,PRT-6_1,gw,electricity,ESP-sink,3.2493568572126
3,ac_transmission,PRT_1,gw,electricity,PRT_2,3.9999995932299997
3,ac_transmission,PRT_2,gw,electricity,PRT_1,3.9999995932299997
4,ac_transmission,ESP-sink,gw,electricity,PRT-6_1,3.6996763507579
4,ac_transmission,PRT-6_1,gw,electricity,ESP-sink,3.6996763507579
4,ac_transmission,PRT_1,gw,electricity,PRT_2,3.9999989210937996
4,ac_transmission,PRT_2,gw,electricity,PRT_1,3.9999989210937996
5,ac_transmission,ESP-sink,gw,electricity,PRT-6_1,3.0665241024723
5,ac_transmission,PRT-6_1,gw,electricity,ESP-sink,3.0665241024723
5,ac_transmission,PRT_1,gw,electricity,PRT_2,4.0000130666783
5,ac_transmission,PRT_2,gw,electricity,PRT_1,4.0000130666783
6,ac_transmission,ESP-sink,gw,electricity,PRT-6_1,3.2924214474873996
6,ac_transmission,PRT-6_1,gw,electricity,ESP-sink,3.2924214474873996
6,ac_transmission,PRT_1,gw,electricity,PRT_2,4.0000121013507
6,ac_transmission,PRT_2,gw,electricity,PRT_1,4.0000121013507
7,ac_transmission,ESP-sink,gw,electricity,PRT-6_1,3.1763023288313996
7,ac_transmission,PRT-6_1,gw,electricity,ESP-sink,3.1763023288313996
7,ac_transmission,PRT_1,gw,electricity,PRT_2,3.9999986745782
7,ac_transmission,PRT_2,gw,electricity,PRT_1,3.9999986745782
8,ac_transmission,ESP-sink,gw,electricity,PRT-6_1,3.0001440163904
8,ac_transmission,PRT-6_1,gw,electricity,ESP-sink,3.0001440163904
8,ac_transmission,PRT_1,gw,electricity,PRT_2,4.000015880551899
8,ac_transmission,PRT_2,gw,electricity,PRT_1,4.000015880551899
9,ac_transmission,ESP-sink,gw,electricity,PRT-6_1,3.1426282733027002
9,ac_transmission,PRT-6_1,gw,electricity,ESP-sink,3.1426282733027002
9,ac_transmission,PRT_1,gw,electricity,PRT_2,4.0000018286308
9,ac_transmission,PRT_2,gw,electricity,PRT_1,4.0000018286308
10,ac_transmission,ESP-sink,gw,electricity,PRT-6_1,3.0000208594170004
10,ac_transmission,PRT-6_1,gw,electricity,ESP-sink,3.0000208594170004
10,ac_transmission,PRT_1,gw,electricity,PRT_2,3.9999999347946
10,ac_transmission,PRT_2,gw,electricity,PRT_1,3.9999999347946
11,ac_transmission,ESP-sink,gw,electricity,PRT-6_1,3.0000057740922
11,ac_transmission,PRT-6_1,gw,electricity,ESP-sink,3.0000057740922
11,ac_transmission,PRT_1,gw,electricity,PRT_2,4.0000002549819005
11,ac_transmission,PRT_2,gw,electricity,PRT_1,4.0000002549819005
12,ac_transmission,ESP-sink,gw,electricity,PRT-6_1,3.0003672314052
12,ac_transmission,PRT-6_1,gw,electricity,ESP-sink,3.0003672314052
12,ac_transmission,PRT_1,gw,electricity,PRT_2,3.9999979523774
12,ac_transmission,PRT_2,gw,electricity,PRT_1,3.9999979523774
13,ac_transmission,ESP-sink,gw,electricity,PRT-6_1,3.000056596491
13,ac_transmission,PRT-6_1,gw,electricity,ESP-sink,3.000056596491
13,ac_transmission,PRT_1,gw,electricity,PRT_2,3.9999998691145
13,ac_transmission,PRT_2,gw,electricity,PRT_1,3.9999998691145
14,ac_transmission,ESP-sink,gw,electricity,PRT-6_1,3.0006151217497
14,ac_transmission,PRT-6_1,gw,electricity,ESP-sink,3.0006151217497
14,ac_transmission,PRT_1,gw,electricity,PRT_2,4.0000009401735
14,ac_transmission,PRT_2,gw,electricity,PRT_1,4.0000009401735
15,ac_transmission,ESP-sink,gw,electricity,PRT-6_1,2.9999998076981
15,ac_transmission,PRT-6_1,gw,electricity,ESP-sink,2.9999998076981
15,ac_transmission,PRT_1,gw,electricity,PRT_2,3.9999985708443
15,ac_transmission,PRT_2,gw,electricity,PRT_1,3.9999985708443
16,ac_transmission,ESP-sink,gw,electricity,PRT-6_1,3.0004738718736
16,ac_transmission,PRT-6_1,gw,electricity,ESP-sink,3.0004738718736
16,ac_transmission,PRT_1,gw,electricity,PRT_2,3.9999991079910004
16,ac_transmission,PRT_2,gw,electricity,PRT_1,3.9999991079910004
17,ac_transmission,ESP-sink,gw,electricity,PRT-6_1,3.0001740856541
17,ac_transmission,PRT-6_1,gw,electricity,ESP-sink,3.0001740856541
17,ac_transmission,PRT_1,gw,electricity,PRT_2,4.0000002798993
17,ac_transmission,PRT_2,gw,electricity,PRT_1,4.0000002798993
18,ac_transmission,ESP-sink,gw,electricity,PRT-6_1,3.0011961739462003
18,ac_transmission,PRT-6_1,gw,electricity,ESP-sink,3.0011961739462003
18,ac_transmission,PRT_1,gw,electricity,PRT_2,3.9999998530894
18,ac_transmission,PRT_2,gw,electricity,PRT_1,3.9999998530894
19,ac_transmission,ESP-sink,gw,electricity,PRT-6_1,3.0000348933643
19,ac_transmission,PRT-6_1,gw,electricity,ESP-sink,3.0000348933643
19,ac_transmission,PRT_1,gw,electricity,PRT_2,3.9999997807788996
19,ac_transmission,PRT_2,gw,electricity,PRT_1,3.9999997807788996
20,ac_transmission,ESP-sink,gw,electricity,PRT-6_1,3.0019408239853
20,ac_transmission,PRT-6_1,gw,electricity,ESP-sink,3.0019408239853
20,ac_transmission,PRT_1,gw,electricity,PRT_2,3.9999996979029997
20,ac_transmission,PRT_2,gw,electricity,PRT_1,3.9999996979029997
21,ac_transmission,ESP-sink,gw,electricity,PRT-6_1,3.0010840760566
21,ac_transmission,PRT-6_1,gw,electricity,ESP-sink,3.0010840760566
21,ac_transmission,PRT_1,gw,electricity,PRT_2,4.0000002324346005
21,ac_transmission,PRT_2,gw,electricity,PRT_1,4.0000002324346005
22,ac_transmission,ESP-sink,gw,electricity,PRT-6_1,3.0023006871322
22,ac_transmission,PRT-6_1,gw,electricity,ESP-sink,3.0023006871322
22,ac_transmission,PRT_1,gw,electricity,PRT_2,4.0000003159904
22,ac_transmission,PRT_2,gw,electricity,PRT_1,4.0000003159904
23,ac_transmission,ESP-sink,gw,electricity,PRT-6_1,3.0009552206532
23,ac_transmission,PRT-6_1,gw,electricity,ESP-sink,3.0009552206532
23,ac_transmission,PRT_1,gw,electricity,PRT_2,3.9999949431350004
23,ac_transmission,PRT_2,gw,electricity,PRT_1,3.9999949431350004
24,ac_transmission,ESP-sink,gw,electricity,PRT-6_1,3.0014859319880003
24,ac_transmission,PRT-6_1,gw,electricity,ESP-sink,3.0014859319880003
24,ac_transmission,PRT_1,gw,electricity,PRT_2,4.0000002078814
24,ac_transmission,PRT_2,gw,electricity,PRT_1,4.0000002078814
25,ac_transmission,ESP-sink,gw,electricity,PRT-6_1,3.0003972712883002
25,ac_transmission,PRT-6_1,gw,electricity,ESP-sink,3.0003972712883002
25,ac_transmission,PRT_1,gw,electricity,PRT_2,4.0000006797159
25,ac_transmission,PRT_2,gw,electricity,PRT_1,4.0000006797159
26,ac_transmission,ESP-sink,gw,electricity,PRT-6_1,3.0027700929704
26,ac_transmission,PRT-6_1,gw,electricity,ESP-sink,3.0027700929704
26,ac_transmission,PRT_1,gw,electricity,PRT_2,3.9999967440547004
26,ac_transmission,PRT_2,gw,electricity,PRT_1,3.9999967440547004
27,ac_transmission,ESP-sink,gw,electricity,PRT-6_1,3.0003119526708
27,ac_transmission,PRT-6_1,gw,electricity,ESP-sink,3.0003119526708
27,ac_transmission,PRT_1,gw,electricity,PRT_2,3.9999997362736996
27,ac_transmission,PRT_2,gw,electricity,PRT_1,3.9999997362736996
28,ac_transmission,ESP-sink,gw,electricity,PRT-6_1,3.0003034899738
28,ac_transmission,PRT-6_1,gw,electricity,ESP-sink,3.0003034899738
28,ac_transmission,PRT_1,gw,electricity,PRT_2,3.9999949150342
28,ac_transmission,PRT_2,gw,electricity,PRT_1,3.9999949150342
29,ac_transmission,ESP-sink,gw,electricity,PRT-6_1,3.0009457185192
29,ac_transmission,PRT-6_1,gw,electricity,ESP-sink,3.0009457185192
29,ac_transmission,PRT_1,gw,electricity,PRT_2,4.0000129042676
29,ac_transmission,PRT_2,gw,electricity,PRT_1,4.0000129042676
30,ac_transmission,ESP-sink,gw,electricity,PRT-6_1,3.0006956050788
30,ac_transmission,PRT-6_1,gw,electricity,ESP-sink,3.0006956050788
30,ac_transmission,PRT_1,gw,electricity,PRT_2,3.9999998711261
30,ac_transmission,PRT_2,gw,electricity,PRT_1,3.9999998711261
31,ac_transmission,ESP-sink,gw,electricity,PRT-6_1,3.0077326447262
31,ac_transmission,PRT-6_1,gw,electricity,ESP-sink,3.0077326447262
31,ac_transmission,PRT_1,gw,electricity,PRT_2,3.9999998929784
31,ac_transmission,PRT_2,gw,electricity,PRT_1,3.9999998929784
32,ac_transmission,ESP-sink,gw,electricity,PRT-6_1,3.0004037509156003
32,ac_transmission,PRT-6_1,gw,electricity,ESP-sink,3.0004037509156003
32,ac_transmission,PRT_1,gw,electricity,PRT_2,3.9999999964360002
32,ac_transmission,PRT_2,gw,electricity,PRT_1,3.9999999964360002
33,ac_transmission,ESP-sink,gw,electricity,PRT-6_1,3.0059298803923
33,ac_transmission,PRT-6_1,gw,electricity,ESP-sink,3.0059298803923
33,ac_transmission,PRT_1,gw,electricity,PRT_2,3.9999993453575002
33,ac_transmission,PRT_2,gw,electricity,PRT_1,3.9999993453575002
34,ac_transmission,ESP-sink,gw,electricity,PRT-6_1,3.001582306284
34,ac_transmission,PRT-6_1,gw,electricity,ESP-sink,3.001582306284
34,ac_transmission,PRT_1,gw,electricity,PRT_2,3.9999998540236996
34,ac_transmission,PRT_2,gw,electricity,PRT_1,3.9999998540236996
35,ac_transmission,ESP-sink,gw,electricity,PRT-6_1,3.0020382529426
35,ac_transmission,PRT-6_1,gw,electricity,ESP-sink,3.0020382529426
35,ac_transmission,PRT_1,gw,electricity,PRT_2,3.9999999269992004
35,ac_transmission,PRT_2,gw,electricity,PRT_1,3.9999999269992004
36,ac_transmission,ESP-sink,gw,electricity,PRT-6_1,3.0027671519969
36,ac_transmission,PRT-6_1,gw,electricity,ESP-sink,3.0027671519969
36,ac_transmission,PRT_1,gw,electricity,PRT_2,3.9999998289394005
36,ac_transmission,PRT_2,gw,electricity,PRT_1,3.9999998289394005
37,ac_transmission,ESP-sink,gw,electricity,PRT-6_1,3.0004126050302
37,ac_transmission,PRT-6_1,gw,electricity,ESP-sink,3.0004126050302
37,ac_transmission,PRT_1,gw,electricity,PRT_2,3.9999999481405997
37,ac_transmission,PRT_2,gw,electricity,PRT_1,3.9999999481405997
38,ac_transmission,ESP-sink,gw,electricity,PRT-6_1,3.0002884579683
38,ac_transmission,PRT-6_1,gw,electricity,ESP-sink,3.0002884579683
38,ac_transmission,PRT_1,gw,electricity,PRT_2,3.9999999878907
38,ac_transmission,PRT_2,gw,electricity,PRT_1,3.9999999878907
39,ac_transmission,ESP-sink,gw,electricity,PRT-6_1,3.0000010160049997
39,ac_transmission,PRT-6_1,gw,electricity,ESP-sink,3.0000010160049997
39,ac_transmission,PRT_1,gw,electricity,PRT_2,3.9999997984929996
39,ac_transmission,PRT_2,gw,electricity,PRT_1,3.9999997984929996
40,ac_transmission,ESP-sink,gw,electricity,PRT-6_1,3.0000999581114
40,ac_transmission,PRT-6_1,gw,electricity,ESP-sink,3.0000999581114
40,ac_transmission,PRT_1,gw,electricity,PRT_2,4.000001299417599
40,ac_transmission,PRT_2,gw,electricity,PRT_1,4.000001299417599
41,ac_transmission,ESP-sink,gw,electricity,PRT-6_1,3.0010985250599
41,ac_transmission,PRT-6_1,gw,electricity,ESP-sink,3.0010985250599
41,ac_transmission,PRT_1,gw,electricity,PRT_2,3.9999997402834
41,ac_transmission,PRT_2,gw,electricity,PRT_1,3.9999997402834
42,ac_transmission,ESP-sink,gw,electricity,PRT-6_1,3.0012868348
42,ac_transmission,PRT-6_1,gw,electricity,ESP-sink,3.0012868348
42,ac_transmission,PRT_1,gw,electricity,PRT_2,3.9999999853254
42,ac_transmission,PRT_2,gw,electricity,PRT_1,3.9999999853254
43,ac_transmission,ESP-sink,gw,electricity,PRT-6_1,3.0023576513016996
43,ac_transmission,PRT-6_1,gw,electricity,ESP-sink,3.0023576513016996
43,ac_transmission,PRT_1,gw,electricity,PRT_2,3.9999996205715003
43,ac_transmission,PRT_2,gw,electricity,PRT_1,3.9999996205715003
44,ac_transmission,ESP-sink,gw,electricity,PRT-6_1,3.0005412106283997
44,ac_transmission,PRT-6_1,gw,electricity,ESP-sink,3.0005412106283997
44,ac_transmission,PRT_1,gw,electricity,PRT_2,3.9999990630346
44,ac_transmission,PRT_2,gw,electricity,PRT_1,3.9999990630346
45,ac_transmission,ESP-sink,gw,electricity,PRT-6_1,3.0004460057807
45,ac_transmission,PRT-6_1,gw,electricity,ESP-sink,3.0004460057807
45,ac_transmission,PRT_1,gw,electricity,PRT_2,3.9999999522493
45,ac_transmission,PRT_2,gw,electricity,PRT_1,3.9999999522493
46,ac_transmission,ESP-sink,gw,electricity,PRT-6_1,3.0000930112379
46,ac_transmission,PRT-6_1,gw,electricity,ESP-sink,3.0000930112379
46,ac_transmission,PRT_1,gw,electricity,PRT_2,3.9999998515274005
46,ac_transmission,PRT_2,gw,electricity,PRT_1,3.9999998515274005
47,ac_transmission,ESP-sink,gw,electricity,PRT-6_1,3.0016823776583
47,ac_transmission,PRT-6_1,gw,electricity,ESP-sink,3.0016823776583
47,ac_transmission,PRT_1,gw,electricity,PRT_2,3.9999996986981996
47,ac_transmission,PRT_2,gw,electricity,PRT_1,3.9999996986981996
48,ac_transmission,ESP-sink,gw,electricity,PRT-6_1,3.0015675596452
48,ac_transmission,PRT-6_1,gw,electricity,ESP-sink,3.0015675596452
48,ac_transmission,PRT_1,gw,electricity,PRT_2,3.9999858056018995
48,ac_transmission,PRT_2,gw,electricity,PRT_1,3.9999858056018995
49,ac_transmission,ESP-sink,gw,electricity,PRT-6_1,3.0014550347169
49,ac_transmission,PRT-6_1,gw,electricity,ESP-sink,3.0014550347169
49,ac_transmission,PRT_1,gw,electricity,PRT_2,3.9999992788689
49,ac_transmission,PRT_2,gw,electricity,PRT_1,3.9999992788689
50,ac_transmission,ESP-sink,gw,electricity,PRT-6_1,3.0001441177059
50,ac_transmission,PRT-6_1,gw,electricity,ESP-sink,3.0001441177059
50,ac_transmission,PRT_1,gw,electricity,PRT_2,4.0000000145648
50,ac_transmission,PRT_2,gw,electricity,PRT_1,4.0000000145648
51,ac_transmission,ESP-sink,gw,electricity,PRT-6_1,3.0000514471519
51,ac_transmission,PRT-6_1,gw,electricity,ESP-sink,3.0000514471519
51,ac_transmission,PRT_1,gw,electricity,PRT_2,4.0000067915211
51,ac_transmission,PRT_2,gw,electricity,PRT_1,4.0000067915211
52,ac_transmission,ESP-sink,gw,electricity,PRT-6_1,3.0002028590660004
52,ac_transmission,PRT-6_1,gw,electricity,ESP-sink,3.0002028590660004
52,ac_transmission,PRT_1,gw,electricity,PRT_2,4.0000045696906
52,ac_transmission,PRT_2,gw,electricity,PRT_1,4.0000045696906
53,ac_transmission,ESP-sink,gw,electricity,PRT-6_1,3.0002434467938
53,ac_transmission,PRT-6_1,gw,electricity,ESP-sink,3.0002434467938
53,ac_transmission,PRT_1,gw,electricity,PRT_2,4.0000049824012
53,ac_transmission,PRT_2,gw,electricity,PRT_1,4.0000049824012
54,ac_transmission,ESP-sink,gw,electricity,PRT-6_1,3.0000697685845
54,ac_transmission,PRT-6_1,gw,electricity,ESP-sink,3.0000697685845
54,ac_transmission,PRT_1,gw,electricity,PRT_2,3.9999993765818003
54,ac_transmission,PRT_2,gw,electricity,PRT_1,3.9999993765818003
55,ac_transmission,ESP-sink,gw,electricity,PRT-6_1,3.0000166772915002
55,ac_transmission,PRT-6_1,gw,electricity,ESP-sink,3.0000166772915002
55,ac_transmission,PRT_1,gw,electricity,PRT_2,4.000000441402601
55,ac_transmission,PRT_2,gw,electricity,PRT_1,4.000000441402601
56,ac_transmission,ESP-sink,gw,electricity,PRT-6_1,3.0000127249489004
56,ac_transmission,PRT-6_1,gw,electricity,ESP-sink,3.0000127249489004
56,ac_transmission,PRT_1,gw,electricity,PRT_2,4.0000002742084
56,ac_transmission,PRT_2,gw,electricity,PRT_1,4.0000002742084
57,ac_transmission,ESP-sink,gw,electricity,PRT-6_1,3.0000074582011997
57,ac_transmission,PRT-6_1,gw,electricity,ESP-sink,3.0000074582011997
57,ac_transmission,PRT_1,gw,electricity,PRT_2,4.0000000029353
57,ac_transmission,PRT_2,gw,electricity,PRT_1,4.0000000029353
58,ac_transmission,ESP-sink,gw,electricity,PRT-6_1,3.0000224435237
58,ac_transmission,PRT-6_1,gw,electricity,ESP-sink,3.0000224435237
58,ac_transmission,PRT_1,gw,electricity,PRT_2,4.0000005554005
58,ac_transmission,PRT_2,gw,electricity,PRT_1,4.0000005554005
59,ac_transmission,ESP-sink,gw,electricity,PRT-6_1,3.0000040227422002
59,ac_transmission,PRT-6_1,gw,electricity,ESP-sink,3.0000040227422002
59,ac_transmission,PRT_1,gw,electricity,PRT_2,3.9999999949445
59,ac_transmission,PRT_2,gw,electricity,PRT_1,3.9999999949445
60,ac_transmission,ESP-sink,gw,electricity,PRT-6_1,3.0000119663598
60,ac_transmission,PRT-6_1,gw,electricity,ESP-sink,3.0000119663598
60,ac_transmission,PRT_1,gw,electricity,PRT_2,3.9999999575427
60,ac_transmission,PRT_2,gw,electricity,PRT_1,3.9999999575427
61,ac_transmission,ESP-sink,gw,electricity,PRT-6_1,3.0000073356887
61,ac_transmission,PRT-6_1,gw,electricity,ESP-sink,3.0000073356887
61,ac_transmission,PRT_1,gw,electricity,PRT_2,3.9999999799624
61,ac_transmission,PRT_2,gw,electricity,PRT_1,3.9999999799624
62,ac_transmission,ESP-sink,gw,electricity,PRT-6_1,3.0015733394508
62,ac_transmission,PRT-6_1,gw,electricity,ESP-sink,3.0015733394508
62,ac_transmission,PRT_1,gw,electricity,PRT_2,3.9999992067204
62,ac_transmission,PRT_2,gw,electricity,PRT_1,3.9999992067204
63,ac_transmission,ESP-sink,gw,electricity,PRT-6_1,3.0000052499117
63,ac_transmission,PRT-6_1,gw,electricity,ESP-sink,3.0000052499117
63,ac_transmission,PRT_1,gw,electricity,PRT_2,4.0000046001664
63,ac_transmission,PRT_2,gw,electricity,PRT_1,4.0000046001664
64,ac_transmission,ESP-sink,gw,electricity,PRT-6_1,3.0001044087043
64,ac_transmission,PRT-6_1,gw,electricity,ESP-sink,3.0001044087043
64,ac_transmission,PRT_1,gw,electricity,PRT_2,4.0000119299655
64,ac_transmission,PRT_2,gw,electricity,PRT_1,4.0000119299655
65,ac_transmission,ESP-sink,gw,electricity,PRT-6_1,3.0000007661511
65,ac_transmission,PRT-6_1,gw,electricity,ESP-sink,3.0000007661511
65,ac_transmission,PRT_1,gw,electricity,PRT_2,4.000000973900501
65,ac_transmission,PRT_2,gw,electricity,PRT_1,4.000000973900501
66,ac_transmission,ESP-sink,gw,electricity,PRT-6_1,3.0000782229198
66,ac_transmission,PRT-6_1,gw,electricity,ESP-sink,3.0000782229198
66,ac_transmission,PRT_1,gw,electricity,PRT_2,3.9999960803047996
66,ac_transmission,PRT_2,gw,electricity,PRT_1,3.9999960803047996
67,ac_transmission,ESP-sink,gw,electricity,PRT-6_1,3.0000078989181
67,ac_transmission,PRT-6_1,gw,electricity,ESP-sink,3.0000078989181
67,ac_transmission,PRT_1,gw,electricity,PRT_2,4.000000194594801
67,ac_transmission,PRT_2,gw,electricity,PRT_1,4.000000194594801
68,ac_transmission,ESP-sink,gw,electricity,PRT-6_1,3.0000037357836997
68,ac_transmission,PRT-6_1,gw,electricity,ESP-sink,3.0000037357836997
68,ac_transmission,PRT_1,gw,electricity,PRT_2,3.9999999971562
68,ac_transmission,PRT_2,gw,electricity,PRT_1,3.9999999971562
69,ac_transmission,ESP-sink,gw,electricity,PRT-6_1,3.0000023074208
69,ac_transmission,PRT-6_1,gw,electricity,ESP-sink,3.0000023074208
69,ac_transmission,PRT_1,gw,electricity,PRT_2,3.9999997708427
69,ac_transmission,PRT_2,gw,electricity,PRT_1,3.9999997708427
70,ac_transmission,ESP-sink,gw,electricity,PRT-6_1,3.0000576090281
70,ac_transmission,PRT-6_1,gw,electricity,ESP-sink,3.0000576090281
70,ac_transmission,PRT_1,gw,electricity,PRT_2,3.9999991485108
70,ac_transmission,PRT_2,gw,electricity,PRT_1,3.9999991485108
71,ac_transmission,ESP-sink,gw,electricity,PRT-6_1,3.0000109517469
71,ac_transmission,PRT-6_1,gw,electricity,ESP-sink,3.0000109517469
71,ac_transmission,PRT_1,gw,electricity,PRT_2,4.0000003802445
71,ac_transmission,PRT_2,gw,electricity,PRT_1,4.0000003802445
72,ac_transmission,ESP-sink,gw,electricity,PRT-6_1,2.9999998962619
72,ac_transmission,PRT-6_1,gw,electricity,ESP-sink,2.9999998962619
72,ac_transmission,PRT_1,gw,electricity,PRT_2,4.0000367600143
72,ac_transmission,PRT_2,gw,electricity,PRT_1,4.0000367600143
73,ac_transmission,ESP-sink,gw,electricity,PRT-6_1,3.0000660014006
73,ac_transmission,PRT-6_1,gw,electricity,ESP-sink,3.0000660014006
73,ac_transmission,PRT_1,gw,electricity,PRT_2,4.0000001986561005
73,ac_transmission,PRT_2,gw,electricity,PRT_1,4.0000001986561005
74,ac_transmission,ESP-sink,gw,electricity,PRT-6_1,2.9999999600466998
74,ac_transmission,PRT-6_1,gw,electricity,ESP-sink,2.9999999600466998
74,ac_transmission,PRT_1,gw,electricity,PRT_2,4.0000000289262
74,ac_transmission,PRT_2,gw,electricity,PRT_1,4.0000000289262
75,ac_transmission,ESP-sink,gw,electricity,PRT-6_1,3.000003572413
75,ac_transmission,PRT-6_1,gw,electricity,ESP-sink,3.000003572413
75,ac_transmission,PRT_1,gw,electricity,PRT_2,4.000000669232801
75,ac_transmission,PRT_2,gw,electricity,PRT_1,4.000000669232801
76,ac_transmission,ESP-sink,gw,electricity,PRT-6_1,3.0000475377255
76,ac_transmission,PRT-6_1,gw,electricity,ESP-sink,3.0000475377255
76,ac_transmission,PRT_1,gw,electricity,PRT_2,3.9999996990634
76,ac_transmission,PRT_2,gw,electricity,PRT_1,3.9999996990634
77,ac_transmission,ESP-sink,gw,electricity,PRT-6_1,3.0000139245402
77,ac_transmission,PRT-6_1,gw,electricity,ESP-sink,3.0000139245402
77,ac_transmission,PRT_1,gw,electricity,PRT_2,3.9999999884323003
77,ac_transmission,PRT_2,gw,electricity,PRT_1,3.9999999884323003
78,ac_transmission,ESP-sink,gw,electricity,PRT-6_1,2.9999999230404
78,ac_transmission,PRT-6_1,gw,electricity,ESP-sink,2.9999999230404
78,ac_transmission,PRT_1,gw,electricity,PRT_2,3.999999932287
78,ac_transmission,PRT_2,gw,electricity,PRT_1,3.999999932287
79,ac_transmission,ESP-sink,gw,electricity,PRT-6_1,3.0000055232054
79,ac_transmission,PRT-6_1,gw,electricity,ESP-sink,3.0000055232054
79,ac_transmission,PRT_1,gw,electricity,PRT_2,3.99999997484
79,ac_transmission,PRT_2,gw,electricity,PRT_1,3.99999997484
80,ac_transmission,ESP-sink,gw,electricity,PRT-6_1,3.0000031007647
80,ac_transmission,PRT-6_1,gw,electricity,ESP-sink,3.0000031007647
80,ac_transmission,PRT_1,gw,electricity,PRT_2,3.9999999786647003
80,ac_transmission,PRT_2,gw,electricity,PRT_1,3.9999999786647003
81,ac_transmission,ESP-sink,gw,electricity,PRT-6_1,3.3158753777318997
81,ac_transmission,PRT-6_1,gw,electricity,ESP-sink,3.3158753777318997
81,ac_transmission,PRT_1,gw,electricity,PRT_2,4.0000830702877
81,ac_transmission,PRT_2,gw,electricity,PRT_1,4.0000830702877
82,ac_transmission,ESP-sink,gw,electricity,PRT-6_1,3.1828645731935
82,ac_transmission,PRT-6_1,gw,electricity,ESP-sink,3.1828645731935
82,ac_transmission,PRT_1,gw,electricity,PRT_2,4.4113081414352004
82,ac_transmission,PRT_2,gw,electricity,PRT_1,4.4113081414352004
83,ac_transmission,ESP-sink,gw,electricity,PRT-6_1,3.3166233325104
83,ac_transmission,PRT-6_1,gw,electricity,ESP-sink,3.3166233325104
83,ac_transmission,PRT_1,gw,electricity,PRT_2,4.1330025776342
83,ac_transmission,PRT_2,gw,electricity,PRT_1,4.1330025776342
84,ac_transmission,ESP-sink,gw,electricity,PRT-6_1,3.6730587275052002
84,ac_transmission,PRT-6_1,gw,electricity,ESP-sink,3.6730587275052002
84,ac_transmission,PRT_1,gw,electricity,PRT_2,4.091292554125
84,ac_transmission,PRT_2,gw,electricity,PRT_1,4.091292554125
85,ac_transmission,ESP-sink,gw,electricity,PRT-6_1,3.4988425611163
85,ac_transmission,PRT-6_1,gw,electricity,ESP-sink,3.4988425611163
85,ac_transmission,PRT_1,gw,electricity,PRT_2,4.0000121627087
85,ac_transmission,PRT_2,gw,electricity,PRT_1,4.0000121627087
86,ac_transmission,ESP-sink,gw,electricity,PRT-6_1,3.7956223167235996
86,ac_transmission,PRT-6_1,gw,electricity,ESP-sink,3.7956223167235996
86,ac_transmission,PRT_1,gw,electricity,PRT_2,3.9999995014538
86,ac_transmission,PRT_2,gw,electricity,PRT_1,3.9999995014538
87,ac_transmission,ESP-sink,gw,electricity,PRT-6_1,3.1513715752868
87,ac_transmission,PRT-6_1,gw,electricity,ESP-sink,3.1513715752868
87,ac_transmission,PRT_1,gw,electricity,PRT_2,3.9999994345353995
87,ac_transmission,PRT_2,gw,electricity,PRT_1,3.9999994345353995
88,ac_transmission,ESP-sink,gw,electricity,PRT-6_1,3.0000335518605
88,ac_transmission,PRT-6_1,gw,electricity,ESP-sink,3.0000335518605
88,ac_transmission,PRT_1,gw,electricity,PRT_2,3.9999997077847005
88,ac_transmission,PRT_2,gw,electricity,PRT_1,3.9999997077847005
89,ac_transmission,ESP-sink,gw,electricity,PRT-6_1,3.0001080297795997
89,ac_transmission,PRT-6_1,gw,electricity,ESP-sink,3.0001080297795997
89,ac_transmission,PRT_1,gw,electricity,PRT_2,3.9999998403761996
89,ac_transmission,PRT_2,gw,electricity,PRT_1,3.9999998403761996
90,ac_transmission,ESP-sink,gw,electricity,PRT-6_1,3.0988384263356
90,ac_transmission,PRT-6_1,gw,electricity,ESP-sink,3.0988384263356
90,ac_transmission,PRT_1,gw,electricity,PRT_2,3.9999998796616003
90,ac_transmission,PRT_2,gw,electricity,PRT_1,3.9999998796616003
91,ac_transmission,ESP-sink,gw,electricity,PRT-6_1,4.6544790024723
91,ac_transmission,PRT-6_1,gw,electricity,ESP-sink,4.6544790024723
91,ac_transmission,PRT_1,gw,electricity,PRT_2,4.0000401991935
91,ac_transmission,PRT_2,gw,electricity,PRT_1,4.0000401991935
92,ac_transmission,ESP-sink,gw,electricity,PRT-6_1,4.546731751300699
92,ac_transmission,PRT-6_1,gw,electricity,ESP-sink,4.546731751300699
92,ac_transmission,PRT_1,gw,electricity,PRT_2,3.9999992983551
92,ac_transmission,PRT_2,gw,electricity,PRT_1,3.9999992983551
93,ac_transmission,ESP-sink,gw,electricity,PRT-6_1,3.35808739103
93,ac_transmission,PRT-6_1,gw,electricity,ESP-sink,3.35808739103
93,ac_transmission,PRT_1,gw,electricity,PRT_2,4.0000508277382
93,ac_transmission,PRT_2,gw,electricity,PRT_1,4.0000508277382
94,ac_transmission,ESP-sink,gw,electricity,PRT-6_1,3.0000047359383
94,ac_transmission,PRT-6_1,gw,electricity,ESP-sink,3.0000047359383
94,ac_transmission,PRT_1,gw,electricity,PRT_2,4.0000057341478
94,ac_transmission,PRT_2,gw,electricity,PRT_1,4.0000057341478
95,ac_transmission,ESP-sink,gw,electricity,PRT-6_1,3.0000222142645
95,ac_transmission,PRT-6_1,gw,electricity,ESP-sink,3.0000222142645
95,ac_transmission,PRT_1,gw,electricity,PRT_2,4.0000009512527
95,ac_transmission,PRT_2,gw,electricity,PRT_1,4.0000009512527
96,ac_transmission,ESP-sink,gw,electricity,PRT-6_1,3.0000068586887
96,ac_transmission,PRT-6_1,gw,electricity,ESP-sink,3.0000068586887
96,ac_transmission,PRT_1,gw,electricity,PRT_2,4.0000000047821
96,ac_transmission,PRT_2,gw,electricity,PRT_1,4.0000000047821
97,ac_transmission,ESP-sink,gw,electricity,PRT-6_1,3.0000054908151
97,ac_transmission,PRT-6_1,gw,electricity,ESP-sink,3.0000054908151
97,ac_transmission,PRT_1,gw,electricity,PRT_2,4.0000002322411
97,ac_transmission,PRT_2,gw,electricity,PRT_1,4.0000002322411
98,ac_transmission,ESP-sink,gw,electricity,PRT-6_1,3.0000041328752003
98,ac_transmission,PRT-6_1,gw,electricity,ESP-sink,3.0000041328752003
98,ac_transmission,PRT_1,gw,electricity,PRT_2,3.9999998446025
98,ac_transmission,PRT_2,gw,electricity,PRT_1,3.9999998446025
99,ac_transmission,ESP-sink,gw,electricity,PRT-6_1,3.0000058436413997
99,ac_transmission,PRT-6_1,gw,electricity,ESP-sink,3.0000058436413997
99,ac_transmission,PRT_1,gw,electricity,PRT_2,3.9999998741366
99,ac_transmission,PRT_2,gw,electricity,PRT_1,3.9999998741366
100,ac_transmission,ESP-sink,gw,electricity,PRT-6_1,3.0000074342695
100,ac_transmission,PRT-6_1,gw,electricity,ESP-sink,3.0000074342695
100,ac_transmission,PRT_1,gw,electricity,PRT_2,3.9999998527129996
100,ac_transmission,PRT_2,gw,electricity,PRT_1,3.9999998527129996
101,ac_transmission,ESP-sink,gw,electricity,PRT-6_1,3.7928265827964998
101,ac_transmission,PRT-6_1,gw,electricity,ESP-sink,3.7928265827964998
101,ac_transmission,PRT_1,gw,electricity,PRT_2,4.0000164750612
101,ac_transmission,PRT_2,gw,electricity,PRT_1,4.0000164750612
102,ac_transmission,ESP-sink,gw,electricity,PRT-6_1,3.6029820526104004
102,ac_transmission,PRT-6_1,gw,electricity,ESP-sink,3.6029820526104004
102,ac_transmission,PRT_1,gw,electricity,PRT_2,4.2169119657241
102,ac_transmission,PRT_2,gw,electricity,PRT_1,4.2169119657241
103,ac_transmission,ESP-sink,gw,electricity,PRT-6_1,3.6649806519443002
103,ac_transmission,PRT-6_1,gw,electricity,ESP-sink,3.6649806519443002
103,ac_transmission,PRT_1,gw,electricity,PRT_2,4.2374396541678
103,ac_transmission,PRT_2,gw,electricity,PRT_1,4.2374396541678
104,ac_transmission,ESP-sink,gw,electricity,PRT-6_1,3.1589802089694
104,ac_transmission,PRT-6_1,gw,electricity,ESP-sink,3.1589802089694
104,ac_transmission,PRT_1,gw,electricity,PRT_2,4.0000003243417
104,ac_transmission,PRT_2,gw,electricity,PRT_1,4.0000003243417
105,ac_transmission,ESP-sink,gw,electricity,PRT-6_1,3.0000071221907003
105,ac_transmission,PRT-6_1,gw,electricity,ESP-sink,3.0000071221907003
105,ac_transmission,PRT_1,gw,electricity,PRT_2,3.9999999199564
105,ac_transmission,PRT_2,gw,electricity,PRT_1,3.9999999199564
106,ac_transmission,ESP-sink,gw,electricity,PRT-6_1,3.0000117994538
106,ac_transmission,PRT-6_1,gw,electricity,ESP-sink,3.0000117994538
106,ac_transmission,PRT_1,gw,electricity,PRT_2,4.0000018855872
106,ac_transmission,PRT_2,gw,electricity,PRT_1,4.0000018855872
107,ac_transmission,ESP-sink,gw,electricity,PRT-6_1,3.0000027269981997
107,ac_transmission,PRT-6_1,gw,electricity,ESP-sink,3.0000027269981997
107,ac_transmission,PRT_1,gw,electricity,PRT_2,4.0000004469879995
107,ac_transmission,PRT_2,gw,electricity,PRT_1,4.0000004469879995
108,ac_transmission,ESP-sink,gw,electricity,PRT-6_1,3.0000006235778
108,ac_transmission,PRT-6_1,gw,electricity,ESP-sink,3.0000006235778
108,ac_transmission,PRT_1,gw,electricity,PRT_2,4.0000020641343
108,ac_transmission,PRT_2,gw,electricity,PRT_1,4.0000020641343
109,ac_transmission,ESP-sink,gw,electricity,PRT-6_1,3.0000015196827996
109,ac_transmission,PRT-6_1,gw,electricity,ESP-sink,3.0000015196827996
109,ac_transmission,PRT_1,gw,electricity,PRT_2,3.9999997624313
109,ac_transmission,PRT_2,gw,electricity,PRT_1,3.9999997624313
110,ac_transmission,ESP-sink,gw,electricity,PRT-6_1,3.0000182521559
110,ac_transmission,PRT-6_1,gw,electricity,ESP-sink,3.0000182521559
110,ac_transmission,PRT_1,gw,electricity,PRT_2,3.9999999290075
110,ac_transmission,PRT_2,gw,electricity,PRT_1,3.9999999290075
111,ac_transmission,ESP-sink,gw,electricity,PRT-6_1,3.0000074478907
111,ac_transmission,PRT-6_1,gw,electricity,ESP-sink,3.0000074478907
111,ac_transmission,PRT_1,gw,electricity,PRT_2,4.000009444469599
111,ac_transmission,PRT_2,gw,electricity,PRT_1,4.000009444469599
112,ac_transmission,ESP-sink,gw,electricity,PRT-6_1,3.0003670999297
112,ac_transmission,PRT-6_1,gw,electricity,ESP-sink,3.0003670999297
112,ac_transmission,PRT_1,gw,electricity,PRT_2,4.0000147198556
112,ac_transmission,PRT_2,gw,electricity,PRT_1,4.0000147198556
113,ac_transmission,ESP-sink,gw,electricity,PRT-6_1,3.0001323991734
113,ac_transmission,PRT-6_1,gw,electricity,ESP-sink,3.0001323991734
113,ac_transmission,PRT_1,gw,electricity,PRT_2,4.0000020175837
113,ac_transmission,PRT_2,gw,electricity,PRT_1,4.0000020175837
114,ac_transmission,ESP-sink,gw,electricity,PRT-6_1,3.0000026267961
114,ac_transmission,PRT-6_1,gw,electricity,ESP-sink,3.0000026267961
114,ac_transmission,PRT_1,gw,electricity,PRT_2,4.0000101723157
114,ac_transmission,PRT_2,gw,electricity,PRT_1,4.0000101723157
115,ac_transmission,ESP-sink,gw,electricity,PRT-6_1,3.0000096556642
115,ac_transmission,PRT-6_1,gw,electricity,ESP-sink,3.0000096556642
115,ac_transmission,PRT_1,gw,electricity,PRT_2,3.9999998274526
115,ac_transmission,PRT_2,gw,electricity,PRT_1,3.9999998274526
116,ac_transmission,ESP-sink,gw,electricity,PRT-6_1,3.0000131618774
116,ac_transmission,PRT-6_1,gw,electricity,ESP-sink,3.0000131618774
116,ac_transmission,PRT_1,gw,electricity,PRT_2,4.0000001290768
116,ac_transmission,PRT_2,gw,electricity,PRT_1,4.0000001290768
117,ac_transmission,ESP-sink,gw,electricity,PRT-6_1,3.0000134739832998
117,ac_transmission,PRT-6_1,gw,electricity,ESP-sink,3.0000134739832998
117,ac_transmission,PRT_1,gw,electricity,PRT_2,3.9999997576072
117,ac_transmission,PRT_2,gw,electricity,PRT_1,3.9999997576072
118,ac_transmission,ESP-sink,gw,electricity,PRT-6_1,3.000002507047
118,ac_transmission,PRT-6_1,gw,electricity,ESP-sink,3.000002507047
118,ac_transmission,PRT_1,gw,electricity,PRT_2,3.9999999184553
118,ac_transmission,PRT_2,gw,electricity,PRT_1,3.9999999184553
119,ac_transmission,ESP-sink,gw,electricity,PRT-6_1,3.0000171733650998
119,ac_transmission,PRT-6_1,gw,electricity,ESP-sink,3.0000171733650998
119,ac_transmission,PRT_1,gw,electricity,PRT_2,3.9999985592016998
119,ac_transmission,PRT_2,gw,electricity,PRT_1,3.9999985592016998
120,ac_transmission,ESP-sink,gw,electricity,PRT-6_1,3.0000172942717
120,ac_transmission,PRT-6_1,gw,electricity,ESP-sink,3.0000172942717
120,ac_transmission,PRT_1,gw,electricity,PRT_2,3.9999997023257996
120,ac_transmission,PRT_2,gw,electricity,PRT_1,3.9999997023257996
121,ac_transmission,ESP-sink,gw,electricity,PRT-6_1,3.0001250819848
121,ac_transmission,PRT-6_1,gw,electricity,ESP-sink,3.0001250819848
121,ac_transmission,PRT_1,gw,electricity,PRT_2,4.0000062949057
121,ac_transmission,PRT_2,gw,electricity,PRT_1,4.0000062949057
122,ac_transmission,ESP-sink,gw,electricity,PRT-6_1,3.0000028435277
122,ac_transmission,PRT-6_1,gw,electricity,ESP-sink,3.0000028435277
122,ac_transmission,PRT_1,gw,electricity,PRT_2,4.0000249760889
122,ac_transmission,PRT_2,gw,electricity,PRT_1,4.0000249760889
123,ac_transmission,ESP-sink,gw,electricity,PRT-6_1,3.0000266808284
123,ac_transmission,PRT-6_1,gw,electricity,ESP-sink,3.0000266808284
123,ac_transmission,PRT_1,gw,electricity,PRT_2,3.9999998230589004
123,ac_transmission,PRT_2,gw,electricity,PRT_1,3.9999998230589004
124,ac_transmission,ESP-sink,gw,electricity,PRT-6_1,3.0001050070413
124,ac_transmission,PRT-6_1,gw,electricity,ESP-sink,3.0001050070413
124,ac_transmission,PRT_1,gw,electricity,PRT_2,3.9999992068230004
124,ac_transmission,PRT_2,gw,electricity,PRT_1,3.9999992068230004
125,ac_transmission,ESP-sink,gw,electricity,PRT-6_1,2.9999967225669
125,ac_transmission,PRT-6_1,gw,electricity,ESP-sink,2.9999967225669
125,ac_transmission,PRT_1,gw,electricity,PRT_2,3.9999971902745997
125,ac_transmission,PRT_2,gw,electricity,PRT_1,3.9999971902745997
126,ac_transmission,ESP-sink,gw,electricity,PRT-6_1,3.0000120234823
126,ac_transmission,PRT-6_1,gw,electricity,ESP-sink,3.0000120234823
126,ac_transmission,PRT_1,gw,electricity,PRT_2,3.9999999512274003
126,ac_transmission,PRT_2,gw,electricity,PRT_1,3.9999999512274003
127,ac_transmission,ESP-sink,gw,electricity,PRT-6_1,3.0000075230294
127,ac_transmission,PRT-6_1,gw,electricity,ESP-sink,3.0000075230294
127,ac_transmission,PRT_1,gw,electricity,PRT_2,4.0000004130431
127,ac_transmission,PRT_2,gw,electricity,PRT_1,4.0000004130431
128,ac_transmission,ESP-sink,gw,electricity,PRT-6_1,3.000003530657
128,ac_transmission,PRT-6_1,gw,electricity,ESP-sink,3.000003530657
128,ac_transmission,PRT_1,gw,electricity,PRT_2,3.9999996820447996
128,ac_transmission,PRT_2,gw,electricity,PRT_1,3.9999996820447996
129,ac_transmission,ESP-sink,gw,electricity,PRT-6_1,3.0000213146807
129,ac_transmission,PRT-6_1,gw,electricity,ESP-sink,3.0000213146807
129,ac_transmission,PRT_1,gw,electricity,PRT_2,4.0000004601149
129,ac_transmission,PRT_2,gw,electricity,PRT_1,4.0000004601149
130,ac_transmission,ESP-sink,gw,electricity,PRT-6_1,2.9999986396149
130,ac_transmission,PRT-6_1,gw,electricity,ESP-sink,2.9999986396149
130,ac_transmission,PRT_1,gw,electricity,PRT_2,4.0000008959227
130,ac_transmission,PRT_2,gw,electricity,PRT_1,4.0000008959227
131,ac_transmission,ESP-sink,gw,electricity,PRT-6_1,3.000023529606
131,ac_transmission,PRT-6_1,gw,electricity,ESP-sink,3.000023529606
131,ac_transmission,PRT_1,gw,electricity,PRT_2,4.00000088806
131,ac_transmission,PRT_2,gw,electricity,PRT_1,4.00000088806
132,ac_transmission,ESP-sink,gw,electricity,PRT-6_1,3.0000322496272998
132,ac_transmission,PRT-6_1,gw,electricity,ESP-sink,3.0000322496272998
132,ac_transmission,PRT_1,gw,electricity,PRT_2,3.9999998305079
132,ac_transmission,PRT_2,gw,electricity,PRT_1,3.9999998305079
133,ac_transmission,ESP-sink,gw,electricity,PRT-6_1,3.0002740659372
133,ac_transmission,PRT-6_1,gw,electricity,ESP-sink,3.0002740659372
133,ac_transmission,PRT_1,gw,electricity,PRT_2,3.9999995956850003
133,ac_transmission,PRT_2,gw,electricity,PRT_1,3.9999995956850003
134,ac_transmission,ESP-sink,gw,electricity,PRT-6_1,3.0000193628250003
134,ac_transmission,PRT-6_1,gw,electricity,ESP-sink,3.0000193628250003
134,ac_transmission,PRT_1,gw,electricity,PRT_2,4.0000318676977
134,ac_transmission,PRT_2,gw,electricity,PRT_1,4.0000318676977
135,ac_transmission,ESP-sink,gw,electricity,PRT-6_1,3.000029297078
135,ac_transmission,PRT-6_1,gw,electricity,ESP-sink,3.000029297078
135,ac_transmission,PRT_1,gw,electricity,PRT_2,4.0000072958425
135,ac_transmission,PRT_2,gw,electricity,PRT_1,4.0000072958425
136,ac_transmission,ESP-sink,gw,electricity,PRT-6_1,3.0000256091471
136,ac_transmission,PRT-6_1,gw,electricity,ESP-sink,3.0000256091471
136,ac_transmission,PRT_1,gw,electricity,PRT_2,3.9999991315965997
136,ac_transmission,PRT_2,gw,electricity,PRT_1,3.9999991315965997
137,ac_transmission,ESP-sink,gw,electricity,PRT-6_1,3.0000118867011
137,ac_transmission,PRT-6_1,gw,electricity,ESP-sink,3.0000118867011
137,ac_transmission,PRT_1,gw,electricity,PRT_2,3.9999967648372
137,ac_transmission,PRT_2,gw,electricity,PRT_1,3.9999967648372
138,ac_transmission,ESP-sink,gw,electricity,PRT-6_1,3.0000096602178
138,ac_transmission,PRT-6_1,gw,electricity,ESP-sink,3.0000096602178
138,ac_transmission,PRT_1,gw,electricity,PRT_2,3.9999998844923
138,ac_transmission,PRT_2,gw,electricity,PRT_1,3.9999998844923
139,ac_transmission,ESP-sink,gw,electricity,PRT-6_1,2.9999997005873
139,ac_transmission,PRT-6_1,gw,electricity,ESP-sink,2.9999997005873
139,ac_transmission,PRT_1,gw,electricity,PRT_2,4.000000059453201
139,ac_transmission,PRT_2,gw,electricity,PRT_1,4.000000059453201
140,ac_transmission,ESP-sink,gw,electricity,PRT-6_1,2.9999997902283
140,ac_transmission,PRT-6_1,gw,electricity,ESP-sink,2.9999997902283
140,ac_transmission,PRT_1,gw,electricity,PRT_2,3.9999999229379
140,ac_transmission,PRT_2,gw,electricity,PRT_1,3.9999999229379
141,ac_transmission,ESP-sink,gw,electricity,PRT-6_1,3.0000000324737
141,ac_transmission,PRT-6_1,gw,electricity,ESP-sink,3.0000000324737
141,ac_transmission,PRT_1,gw,electricity,PRT_2,4.0000000577406
141,ac_transmission,PRT_2,gw,electricity,PRT_1,4.0000000577406
142,ac_transmission,ESP-sink,gw,electricity,PRT-6_1,3.0001771432008
142,ac_transmission,PRT-6_1,gw,electricity,ESP-sink,3.0001771432008
142,ac_transmission,PRT_1,gw,electricity,PRT_2,4.0000027036105
142,ac_transmission,PRT_2,gw,electricity,PRT_1,4.0000027036105
143,ac_transmission,ESP-sink,gw,electricity,PRT-6_1,3.0001429659184
143,ac_transmission,PRT-6_1,gw,electricity,ESP-sink,3.0001429659184
143,ac_transmission,PRT_1,gw,electricity,PRT_2,4.000018499519
143,ac_transmission,PRT_2,gw,electricity,PRT_1,4.000018499519
144,ac_transmission,ESP-sink,gw,electricity,PRT-6_1,3.0000307373538
144,ac_transmission,PRT-6_1,gw,electricity,ESP-sink,3.0000307373538
144,ac_transmission,PRT_1,gw,electricity,PRT_2,3.9999992311825996
144,ac_transmission,PRT_2,gw,electricity,PRT_1,3.9999992311825996
145,ac_transmission,ESP-sink,gw,electricity,PRT-6_1,3.0000741530515
145,ac_transmission,PRT-6_1,gw,electricity,ESP-sink,3.0000741530515
145,ac_transmission,PRT_1,gw,electricity,PRT_2,3.9999985471394996
145,ac_transmission,PRT_2,gw,electricity,PRT_1,3.9999985471394996
146,ac_transmission,ESP-sink,gw,electricity,PRT-6_1,3.0000044367658
146,ac_transmission,PRT-6_1,gw,electricity,ESP-sink,3.0000044367658
146,ac_transmission,PRT_1,gw,electricity,PRT_2,4.000001494795
146,ac_transmission,PRT_2,gw,electricity,PRT_1,4.000001494795
147,ac_transmission,ESP-sink,gw,electricity,PRT-6_1,3.0000080846623
147,ac_transmission,PRT-6_1,gw,electricity,ESP-sink,3.0000080846623
147,ac_transmission,PRT_1,gw,electricity,PRT_2,3.9999998108413997
147,ac_transmission,PRT_2,gw,electricity,PRT_1,3.9999998108413997
148,ac_transmission,ESP-sink,gw,electricity,PRT-6_1,3.0000011159763997
148,ac_transmission,PRT-6_1,gw,electricity,ESP-sink,3.0000011159763997
148,ac_transmission,PRT_1,gw,electricity,PRT_2,4.0000001188847
148,ac_transmission,PRT_2,gw,electricity,PRT_1,4.0000001188847
149,ac_transmission,ESP-sink,gw,electricity,PRT-6_1,3.0000054036806
149,ac_transmission,PRT-6_1,gw,electricity,ESP-sink,3.0000054036806
149,ac_transmission,PRT_1,gw,electricity,PRT_2,3.9999997202360995
149,ac_transmission,PRT_2,gw,electricity,PRT_1,3.9999997202360995
150,ac_transmission,ESP-sink,gw,electricity,PRT-6_1,3.0000130900999
150,ac_transmission,PRT-6_1,gw,electricity,ESP-sink,3.0000130900999
150,ac_transmission,PRT_1,gw,electricity,PRT_2,3.9999998164349004
150,ac_transmission,PRT_2,gw,electricity,PRT_1,3.9999998164349004
151,ac_transmission,ESP-sink,gw,electricity,PRT-6_1,6.113476720533
151,ac_transmission,PRT-6_1,gw,electricity,ESP-sink,6.113476720533
151,ac_transmission,PRT_1,gw,electricity,PRT_2,4.4049323049539
151,ac_transmission,PRT_2,gw,electricity,PRT_1,4.4049323049539
152,ac_transmission,ESP-sink,gw,electricity,PRT-6_1,4.655672110596
152,ac_transmission,PRT-6_1,gw,electricity,ESP-sink,4.655672110596
152,ac_transmission,PRT_1,gw,electricity,PRT_2,4.3702127502916
152,ac_transmission,PRT_2,gw,electricity,PRT_1,4.3702127502916
153,ac_transmission,ESP-sink,gw,electricity,PRT-6_1,4.7609335584873
153,ac_transmission,PRT-6_1,gw,electricity,ESP-sink,4.7609335584873
153,ac_transmission,PRT_1,gw,electricity,PRT_2,4.2905522783681
153,ac_transmission,PRT_2,gw,electricity,PRT_1,4.2905522783681
154,ac_transmission,ESP-sink,gw,electricity,PRT-6_1,4.7692536893793
154,ac_transmission,PRT-6_1,gw,electricity,ESP-sink,4.7692536893793
154,ac_transmission,PRT_1,gw,electricity,PRT_2,4.2988690294247
154,ac_transmission,PRT_2,gw,electricity,PRT_1,4.2988690294247
155,ac_transmission,ESP-sink,gw,electricity,PRT-6_1,4.800438303834
155,ac_transmission,PRT-6_1,gw,electricity,ESP-sink,4.800438303834
155,ac_transmission,PRT_1,gw,electricity,PRT_2,4.3298738432525
155,ac_transmission,PRT_2,gw,electricity,PRT_1,4.3298738432525
156,ac_transmission,ESP-sink,gw,electricity,PRT-6_1,4.4690728742911
156,ac_transmission,PRT-6_1,gw,electricity,ESP-sink,4.4690728742911
156,ac_transmission,PRT_1,gw,electricity,PRT_2,4.0000005186683
156,ac_transmission,PRT_2,gw,electricity,PRT_1,4.0000005186683
157,ac_transmission,ESP-sink,gw,electricity,PRT-6_1,3.9781114204334003
157,ac_transmission,PRT-6_1,gw,electricity,ESP-sink,3.9781114204334003
157,ac_transmission,PRT_1,gw,electricity,PRT_2,4.0000004610122
157,ac_transmission,PRT_2,gw,electricity,PRT_1,4.0000004610122
158,ac_transmission,ESP-sink,gw,electricity,PRT-6_1,3.0000060691229997
158,ac_transmission,PRT-6_1,gw,electricity,ESP-sink,3.0000060691229997
158,ac_transmission,PRT_1,gw,electricity,PRT_2,4.0000000688083
158,ac_transmission,PRT_2,gw,electricity,PRT_1,4.0000000688083
159,ac_transmission,ESP-sink,gw,electricity,PRT-6_1,3.0000080240132
159,ac_transmission,PRT-6_1,gw,electricity,ESP-sink,3.0000080240132
159,ac_transmission,PRT_1,gw,electricity,PRT_2,4.0000000060123995
159,ac_transmission,PRT_2,gw,electricity,PRT_1,4.0000000060123995
160,ac_transmission,ESP-sink,gw,electricity,PRT-6_1,3.0000019365624997
160,ac_transmission,PRT-6_1,gw,electricity,ESP-sink,3.0000019365624997
160,ac_transmission,PRT_1,gw,electricity,PRT_2,3.9999998863301998
160,ac_transmission,PRT_2,gw,electricity,PRT_1,3.9999998863301998
161,ac_transmission,ESP-sink,gw,electricity,PRT-6_1,4.875136945076299
161,ac_transmission,PRT-6_1,gw,electricity,ESP-sink,4.875136945076299
161,ac_transmission,PRT_1,gw,electricity,PRT_2,4.556839352720901
161,ac_transmission,PRT_2,gw,electricity,PRT_1,4.556839352720901
162,ac_transmission,ESP-sink,gw,electricity,PRT-6_1,4.7592044480140006
162,ac_transmission,PRT-6_1,gw,electricity,ESP-sink,4.7592044480140006
162,ac_transmission,PRT_1,gw,electricity,PRT_2,4.2886378408118
162,ac_transmission,PRT_2,gw,electricity,PRT_1,4.2886378408118
163,ac_transmission,ESP-sink,gw,electricity,PRT-6_1,4.717873631234601
163,ac_transmission,PRT-6_1,gw,electricity,ESP-sink,4.717873631234601
163,ac_transmission,PRT_1,gw,electricity,PRT_2,4.2486832687449
163,ac_transmission,PRT_2,gw,electricity,PRT_1,4.2486832687449
164,ac_transmission,ESP-sink,gw,electricity,PRT-6_1,4.4675992963201
164,ac_transmission,PRT-6_1,gw,electricity,ESP-sink,4.4675992963201
164,ac_transmission,PRT_1,gw,electricity,PRT_2,4.0000001607514
164,ac_transmission,PRT_2,gw,electricity,PRT_1,4.0000001607514
165,ac_transmission,ESP-sink,gw,electricity,PRT-6_1,3.0000008738141997
165,ac_transmission,PRT-6_1,gw,electricity,ESP-sink,3.0000008738141997
165,ac_transmission,PRT_1,gw,electricity,PRT_2,4.0000000172645
165,ac_transmission,PRT_2,gw,electricity,PRT_1,4.0000000172645
166,ac_transmission,ESP-sink,gw,electricity,PRT-6_1,2.9999998928408997
166,ac_transmission,PRT-6_1,gw,electricity,ESP-sink,2.9999998928408997
166,ac_transmission,PRT_1,gw,electricity,PRT_2,3.9999997410316004
166,ac_transmission,PRT_2,gw,electricity,PRT_1,3.9999997410316004
167,ac_transmission,ESP-sink,gw,electricity,PRT-6_1,3.0000027731916
167,ac_transmission,PRT-6_1,gw,electricity,ESP-sink,3.0000027731916
167,ac_transmission,PRT_1,gw,electricity,PRT_2,4.0000001635117
167,ac_transmission,PRT_2,gw,electricity,PRT_1,4.0000001635117
168,ac_transmission,ESP-sink,gw,electricity,PRT-6_1,2.9999988850264
168,ac_transmission,PRT-6_1,gw,electricity,ESP-sink,2.9999988850264
168,ac_transmission,PRT_1,gw,electricity,PRT_2,4.000009117162301
168,ac_transmission,PRT_2,gw,electricity,PRT_1,4.000009117162301
169,ac_transmission,ESP-sink,gw,electricity,PRT-6_1,3.000002785569
169,ac_transmission,PRT-6_1,gw,electricity,ESP-sink,3.000002785569
169,ac_transmission,PRT_1,gw,electricity,PRT_2,3.9999997107967995
169,ac_transmission,PRT_2,gw,electricity,PRT_1,3.9999997107967995
170,ac_transmission,ESP-sink,gw,electricity,PRT-6_1,3.0000074031814
170,ac_transmission,PRT-6_1,gw,electricity,ESP-sink,3.0000074031814
170,ac_transmission,PRT_1,gw,electricity,PRT_2,3.9999994969461
170,ac_transmission,PRT_2,gw,electricity,PRT_1,3.9999994969461
171,ac_transmission,ESP-sink,gw,electricity,PRT-6_1,14.999985291571099
171,ac_transmission,PRT-6_1,gw,electricity,ESP-sink,14.999985291571099
171,ac_transmission,PRT_1,gw,electricity,PRT_2,6.8745823146389
171,ac_transmission,PRT_2,gw,electricity,PRT_1,6.8745823146389
172,ac_transmission,ESP-sink,gw,electricity,PRT-6_1,5.0227224756227
172,ac_transmission,PRT-6_1,gw,electricity,ESP-sink,5.0227224756227
172,ac_transmission,PRT_1,gw,electricity,PRT_2,4.399022974257299
172,ac_transmission,PRT_2,gw,electricity,PRT_1,4.399022974257299
173,ac_transmission,ESP-sink,gw,electricity,PRT-6_1,3.6845374951186
173,ac_transmission,PRT-6_1,gw,electricity,ESP-sink,3.6845374951186
173,ac_transmission,PRT_1,gw,electricity,PRT_2,4.0000060436373
173,ac_transmission,PRT_2,gw,electricity,PRT_1,4.0000060436373
174,ac_transmission,ESP-sink,gw,electricity,PRT-6_1,3.000288905092
174,ac_transmission,PRT-6_1,gw,electricity,ESP-sink,3.000288905092
174,ac_transmission,PRT_1,gw,electricity,PRT_2,4.0000102707613
174,ac_transmission,PRT_2,gw,electricity,PRT_1,4.0000102707613
175,ac_transmission,ESP-sink,gw,electricity,PRT-6_1,3.0000096775112
175,ac_transmission,PRT-6_1,gw,electricity,ESP-sink,3.0000096775112
175,ac_transmission,PRT_1,gw,electricity,PRT_2,4.0000001481846
175,ac_transmission,PRT_2,gw,electricity,PRT_1,4.0000001481846
176,ac_transmission,ESP-sink,gw,electricity,PRT-6_1,3.0001174705248004
176,ac_transmission,PRT-6_1,gw,electricity,ESP-sink,3.0001174705248004
176,ac_transmission,PRT_1,gw,electricity,PRT_2,3.9999996119738004
176,ac_transmission,PRT_2,gw,electricity,PRT_1,3.9999996119738004
177,ac_transmission,ESP-sink,gw,electricity,PRT-6_1,3.0000009696449
177,ac_transmission,PRT-6_1,gw,electricity,ESP-sink,3.0000009696449
177,ac_transmission,PRT_1,gw,electricity,PRT_2,4.0000027169356
177,ac_transmission,PRT_2,gw,electricity,PRT_1,4.0000027169356
178,ac_transmission,ESP-sink,gw,electricity,PRT-6_1,3.0000005919258
178,ac_transmission,PRT-6_1,gw,electricity,ESP-sink,3.0000005919258
178,ac_transmission,PRT_1,gw,electricity,PRT_2,4.0000000934424
178,ac_transmission,PRT_2,gw,electricity,PRT_1,4.0000000934424
179,ac_transmission,ESP-sink,gw,electricity,PRT-6_1,3.0000124707951
179,ac_transmission,PRT-6_1,gw,electricity,ESP-sink,3.0000124707951
179,ac_transmission,PRT_1,gw,electricity,PRT_2,4.0000023588623
179,ac_transmission,PRT_2,gw,electricity,PRT_1,4.0000023588623
180,ac_transmission,ESP-sink,gw,electricity,PRT-6_1,3.0000010509267
180,ac_transmission,PRT-6_1,gw,electricity,ESP-sink,3.0000010509267
180,ac_transmission,PRT_1,gw,electricity,PRT_2,4.0000033980765
180,ac_transmission,PRT_2,gw,electricity,PRT_1,4.0000033980765
181,ac_transmission,ESP-sink,gw,electricity,PRT-6_1,3.6914153188405
181,ac_transmission,PRT-6_1,gw,electricity,ESP-sink,3.6914153188405
181,ac_transmission,PRT_1,gw,electricity,PRT_2,4.1112339854613
181,ac_transmission,PRT_2,gw,electricity,PRT_1,4.1112339854613
182,ac_transmission,ESP-sink,gw,electricity,PRT-6_1,3.2263028838377
182,ac_transmission,PRT-6_1,gw,electricity,ESP-sink,3.2263028838377
182,ac_transmission,PRT_1,gw,electricity,PRT_2,4.0331340318311995
182,ac_transmission,PRT_2,gw,electricity,PRT_1,4.0331340318311995
183,ac_transmission,ESP-sink,gw,electricity,PRT-6_1,3.4513378208277
183,ac_transmission,PRT-6_1,gw,electricity,ESP-sink,3.4513378208277
183,ac_transmission,PRT_1,gw,electricity,PRT_2,4.1466796933918
183,ac_transmission,PRT_2,gw,electricity,PRT_1,4.1466796933918
184,ac_transmission,ESP-sink,gw,electricity,PRT-6_1,3.0000014418336
184,ac_transmission,PRT-6_1,gw,electricity,ESP-sink,3.0000014418336
184,ac_transmission,PRT_1,gw,electricity,PRT_2,4.102514735442
184,ac_transmission,PRT_2,gw,electricity,PRT_1,4.102514735442
185,ac_transmission,ESP-sink,gw,electricity,PRT-6_1,3.0000014274373
185,ac_transmission,PRT-6_1,gw,electricity,ESP-sink,3.0000014274373
185,ac_transmission,PRT_1,gw,electricity,PRT_2,4.1910174228379
185,ac_transmission,PRT_2,gw,electricity,PRT_1,4.1910174228379
186,ac_transmission,ESP-sink,gw,electricity,PRT-6_1,3.0000394175058
186,ac_transmission,PRT-6_1,gw,electricity,ESP-sink,3.0000394175058
186,ac_transmission,PRT_1,gw,electricity,PRT_2,3.9999998461556
186,ac_transmission,PRT_2,gw,electricity,PRT_1,3.9999998461556
187,ac_transmission,ESP-sink,gw,electricity,PRT-6_1,3.0000393590687997
187,ac_transmission,PRT-6_1,gw,electricity,ESP-sink,3.0000393590687997
187,ac_transmission,PRT_1,gw,electricity,PRT_2,3.9999993965708
187,ac_transmission,PRT_2,gw,electricity,PRT_1,3.9999993965708
188,ac_transmission,ESP-sink,gw,electricity,PRT-6_1,2.9999998135841
188,ac_transmission,PRT-6_1,gw,electricity,ESP-sink,2.9999998135841
188,ac_transmission,PRT_1,gw,electricity,PRT_2,3.9999998180614
188,ac_transmission,PRT_2,gw,electricity,PRT_1,3.9999998180614
189,ac_transmission,ESP-sink,gw,electricity,PRT-6_1,3.0000046705565
189,ac_transmission,PRT-6_1,gw,electricity,ESP-sink,3.0000046705565
189,ac_transmission,PRT_1,gw,electricity,PRT_2,4.0000003137991
189,ac_transmission,PRT_2,gw,electricity,PRT_1,4.0000003137991
190,ac_transmission,ESP-sink,gw,electricity,PRT-6_1,3.0000061953416
190,ac_transmission,PRT-6_1,gw,electricity,ESP-sink,3.0000061953416
190,ac_transmission,PRT_1,gw,electricity,PRT_2,3.9999994656821003
190,ac_transmission,PRT_2,gw,electricity,PRT_1,3.9999994656821003
191,ac_transmission,ESP-sink,gw,electricity,PRT-6_1,3.670227265996
191,ac_transmission,PRT-6_1,gw,electricity,ESP-sink,3.670227265996
191,ac_transmission,PRT_1,gw,electricity,PRT_2,4.114367162515999
191,ac_transmission,PRT_2,gw,electricity,PRT_1,4.114367162515999
192,ac_transmission,ESP-sink,gw,electricity,PRT-6_1,3.1833368513122
192,ac_transmission,PRT-6_1,gw,electricity,ESP-sink,3.1833368513122
192,ac_transmission,PRT_1,gw,electricity,PRT_2,4.0297261351906
192,ac_transmission,PRT_2,gw,electricity,PRT_1,4.0297261351906
193,ac_transmission,ESP-sink,gw,electricity,PRT-6_1,3.4098411028137
193,ac_transmission,PRT-6_1,gw,electricity,ESP-sink,3.4098411028137
193,ac_transmission,PRT_1,gw,electricity,PRT_2,4.1782809906664
193,ac_transmission,PRT_2,gw,electricity,PRT_1,4.1782809906664
194,ac_transmission,ESP-sink,gw,electricity,PRT-6_1,3.0000014731460003
194,ac_transmission,PRT-6_1,gw,electricity,ESP-sink,3.0000014731460003
194,ac_transmission,PRT_1,gw,electricity,PRT_2,4.0108362194764995
194,ac_transmission,PRT_2,gw,electricity,PRT_1,4.0108362194764995
195,ac_transmission,ESP-sink,gw,electricity,PRT-6_1,3.0000006540972
195,ac_transmission,PRT-6_1,gw,electricity,ESP-sink,3.0000006540972
195,ac_transmission,PRT_1,gw,electricity,PRT_2,4.1944922850263
195,ac_transmission,PRT_2,gw,electricity,PRT_1,4.1944922850263
196,ac_transmission,ESP-sink,gw,electricity,PRT-6_1,3.0000010336686
196,ac_transmission,PRT-6_1,gw,electricity,ESP-sink,3.0000010336686
196,ac_transmission,PRT_1,gw,electricity,PRT_2,3.9999999321068005
196,ac_transmission,PRT_2,gw,electricity,PRT_1,3.9999999321068005
197,ac_transmission,ESP-sink,gw,electricity,PRT-6_1,3.0000634770178003
197,ac_transmission,PRT-6_1,gw,electricity,ESP-sink,3.0000634770178003
197,ac_transmission,PRT_1,gw,electricity,PRT_2,3.9999996952929004
197,ac_transmission,PRT_2,gw,electricity,PRT_1,3.9999996952929004
198,ac_transmission,ESP-sink,gw,electricity,PRT-6_1,3.0000057247077003
198,ac_transmission,PRT-6_1,gw,electricity,ESP-sink,3.0000057247077003
198,ac_transmission,PRT_1,gw,electricity,PRT_2,3.9999999898567
198,ac_transmission,PRT_2,gw,electricity,PRT_1,3.9999999898567
199,ac_transmission,ESP-sink,gw,electricity,PRT-6_1,3.0000029359887
199,ac_transmission,PRT-6_1,gw,electricity,ESP-sink,3.0000029359887
199,ac_transmission,PRT_1,gw,electricity,PRT_2,4.0000001332956
199,ac_transmission,PRT_2,gw,electricity,PRT_1,4.0000001332956
200,ac_transmission,ESP-sink,gw,electricity,PRT-6_1,3.0000024789352
200,ac_transmission,PRT-6_1,gw,electricity,ESP-sink,3.0000024789352
200,ac_transmission,PRT_1,gw,electricity,PRT_2,4.0000000318510995
200,ac_transmission,PRT_2,gw,electricity,PRT_1,4.0000000318510995
201,ac_transmission,ESP-sink,gw,electricity,PRT-6_1,4.1481388466277
201,ac_transmission,PRT-6_1,gw,electricity,ESP-sink,4.1481388466277
201,ac_transmission,PRT_1,gw,electricity,PRT_2,3.9999999691525003
201,ac_transmission,PRT_2,gw,electricity,PRT_1,3.9999999691525003
202,ac_transmission,ESP-sink,gw,electricity,PRT-6_1,3.0000682897102
202,ac_transmission,PRT-6_1,gw,electricity,ESP-sink,3.0000682897102
202,ac_transmission,PRT_1,gw,electricity,PRT_2,4.0000000141183
202,ac_transmission,PRT_2,gw,electricity,PRT_1,4.0000000141183
203,ac_transmission,ESP-sink,gw,electricity,PRT-6_1,3.0000009605715
203,ac_transmission,PRT-6_1,gw,electricity,ESP-sink,3.0000009605715
203,ac_transmission,PRT_1,gw,electricity,PRT_2,4.0000004173005
203,ac_transmission,PRT_2,gw,electricity,PRT_1,4.0000004173005
204,ac_transmission,ESP-sink,gw,electricity,PRT-6_1,3.0000052239634
204,ac_transmission,PRT-6_1,gw,electricity,ESP-sink,3.0000052239634
204,ac_transmission,PRT_1,gw,electricity,PRT_2,4.0000000150833
204,ac_transmission,PRT_2,gw,electricity,PRT_1,4.0000000150833
205,ac_transmission,ESP-sink,gw,electricity,PRT-6_1,3.0000096127380997
205,ac_transmission,PRT-6_1,gw,electricity,ESP-sink,3.0000096127380997
205,ac_transmission,PRT_1,gw,electricity,PRT_2,3.9999999852255996
205,ac_transmission,PRT_2,gw,electricity,PRT_1,3.9999999852255996
206,ac_transmission,ESP-sink,gw,electricity,PRT-6_1,3.0000010763755003
206,ac_transmission,PRT-6_1,gw,electricity,ESP-sink,3.0000010763755003
206,ac_transmission,PRT_1,gw,electricity,PRT_2,4.0000010889652
206,ac_transmission,PRT_2,gw,electricity,PRT_1,4.0000010889652
207,ac_transmission,ESP-sink,gw,electricity,PRT-6_1,3.0001326700860997
207,ac_transmission,PRT-6_1,gw,electricity,ESP-sink,3.0001326700860997
207,ac_transmission,PRT_1,gw,electricity,PRT_2,3.9999995384564997
207,ac_transmission,PRT_2,gw,electricity,PRT_1,3.9999995384564997
208,ac_transmission,ESP-sink,gw,electricity,PRT-6_1,2.9999998711046
208,ac_transmission,PRT-6_1,gw,electricity,ESP-sink,2.9999998711046
208,ac_transmission,PRT_1,gw,electricity,PRT_2,3.9999998635895
208,ac_transmission,PRT_2,gw,electricity,PRT_1,3.9999998635895
209,ac_transmission,ESP-sink,gw,electricity,PRT-6_1,2.9999998035621
209,ac_transmission,PRT-6_1,gw,electricity,ESP-sink,2.9999998035621
209,ac_transmission,PRT_1,gw,electricity,PRT_2,4.0000001206201
209,ac_transmission,PRT_2,gw,electricity,PRT_1,4.0000001206201
210,ac_transmission,ESP-sink,gw,electricity,PRT-6_1,3.0000013384508
210,ac_transmission,PRT-6_1,gw,electricity,ESP-sink,3.0000013384508
210,ac_transmission,PRT_1,gw,electricity,PRT_2,3.9999997934818
210,ac_transmission,PRT_2,gw,electricity,PRT_1,3.9999997934818
211,ac_transmission,ESP-sink,gw,electricity,PRT-6_1,3.0000001920078
211,ac_transmission,PRT-6_1,gw,electricity,ESP-sink,3.0000001920078
211,ac_transmission,PRT_1,gw,electricity,PRT_2,4.0000001489705
211,ac_transmission,PRT_2,gw,electricity,PRT_1,4.0000001489705
212,ac_transmission,ESP-sink,gw,electricity,PRT-6_1,3.0000134136121
212,ac_transmission,PRT-6_1,gw,electricity,ESP-sink,3.0000134136121
212,ac_transmission,PRT_1,gw,electricity,PRT_2,4.0000001890655
212,ac_transmission,PRT_2,gw,electricity,PRT_1,4.0000001890655
213,ac_transmission,ESP-sink,gw,electricity,PRT-6_1,3.0000094828733
213,ac_transmission,PRT-6_1,gw,electricity,ESP-sink,3.0000094828733
213,ac_transmission,PRT_1,gw,electricity,PRT_2,4.0000001077922
213,ac_transmission,PRT_2,gw,electricity,PRT_1,4.0000001077922
214,ac_transmission,ESP-sink,gw,electricity,PRT-6_1,3.0000229618597998
214,ac_transmission,PRT-6_1,gw,electricity,ESP-sink,3.0000229618597998
214,ac_transmission,PRT_1,gw,electricity,PRT_2,3.9999996992105
214,ac_transmission,PRT_2,gw,electricity,PRT_1,3.9999996992105
215,ac_transmission,ESP-sink,gw,electricity,PRT-6_1,3.0000082690741
215,ac_transmission,PRT-6_1,gw,electricity,ESP-sink,3.0000082690741
215,ac_transmission,PRT_1,gw,electricity,PRT_2,4.0000000077233
215,ac_transmission,PRT_2,gw,electricity,PRT_1,4.0000000077233
216,ac_transmission,ESP-sink,gw,electricity,PRT-6_1,3.0000098236463
216,ac_transmission,PRT-6_1,gw,electricity,ESP-sink,3.0000098236463
216,ac_transmission,PRT_1,gw,electricity,PRT_2,3.9999998235138
216,ac_transmission,PRT_2,gw,electricity,PRT_1,3.9999998235138
217,ac_transmission,ESP-sink,gw,electricity,PRT-6_1,3.000101697421
217,ac_transmission,PRT-6_1,gw,electricity,ESP-sink,3.000101697421
217,ac_transmission,PRT_1,gw,electricity,PRT_2,3.9999993227253
217,ac_transmission,PRT_2,gw,electricity,PRT_1,3.9999993227253
218,ac_transmission,ESP-sink,gw,electricity,PRT-6_1,3.0000924488253
218,ac_transmission,PRT-6_1,gw,electricity,ESP-sink,3.0000924488253
218,ac_transmission,PRT_1,gw,electricity,PRT_2,4.000000625243801
218,ac_transmission,PRT_2,gw,electricity,PRT_1,4.000000625243801
219,ac_transmission,ESP-sink,gw,electricity,PRT-6_1,3.0000090655681
219,ac_transmission,PRT-6_1,gw,electricity,ESP-sink,3.0000090655681
219,ac_transmission,PRT_1,gw,electricity,PRT_2,3.9999999094692003
219,ac_transmission,PRT_2,gw,electricity,PRT_1,3.9999999094692003
220,ac_transmission,ESP-sink,gw,electricity,PRT-6_1,3.0000056765821
220,ac_transmission,PRT-6_1,gw,electricity,ESP-sink,3.0000056765821
220,ac_transmission,PRT_1,gw,electricity,PRT_2,3.9999997637586002
220,ac_transmission,PRT_2,gw,electricity,PRT_1,3.9999997637586002
221,ac_transmission,ESP-sink,gw,electricity,PRT-6_1,3.000023529606
221,ac_transmission,PRT-6_1,gw,electricity,ESP-sink,3.000023529606
221,ac_transmission,PRT_1,gw,electricity,PRT_2,4.00000088806
221,ac_transmission,PRT_2,gw,electricity,PRT_1,4.00000088806
222,ac_transmission,ESP-sink,gw,electricity,PRT-6_1,3.0000322496272998
222,ac_transmission,PRT-6_1,gw,electricity,ESP-sink,3.0000322496272998
222,ac_transmission,PRT_1,gw,electricity,PRT_2,3.9999998305079
222,ac_transmission,PRT_2,gw,electricity,PRT_1,3.9999998305079
223,ac_transmission,ESP-sink,gw,electricity,PRT-6_1,3.0002740659372
223,ac_transmission,PRT-6_1,gw,electricity,ESP-sink,3.0002740659372
223,ac_transmission,PRT_1,gw,electricity,PRT_2,3.9999995956850003
223,ac_transmission,PRT_2,gw,electricity,PRT_1,3.9999995956850003
224,ac_transmission,ESP-sink,gw,electricity,PRT-6_1,3.0000193628250003
224,ac_transmission,PRT-6_1,gw,electricity,ESP-sink,3.0000193628250003
224,ac_transmission,PRT_1,gw,electricity,PRT_2,4.0000318676977
224,ac_transmission,PRT_2,gw,electricity,PRT_1,4.0000318676977
225,ac_transmission,ESP-sink,gw,electricity,PRT-6_1,3.000029297078
225,ac_transmission,PRT-6_1,gw,electricity,ESP-sink,3.000029297078
225,ac_transmission,PRT_1,gw,electricity,PRT_2,4.0000072958425
225,ac_transmission,PRT_2,gw,electricity,PRT_1,4.0000072958425
226,ac_transmission,ESP-sink,gw,electricity,PRT-6_1,3.0000256091471
226,ac_transmission,PRT-6_1,gw,electricity,ESP-sink,3.0000256091471
226,ac_transmission,PRT_1,gw,electricity,PRT_2,3.9999991315965997
226,ac_transmission,PRT_2,gw,electricity,PRT_1,3.9999991315965997
227,ac_transmission,ESP-sink,gw,electricity,PRT-6_1,3.0000118867011
227,ac_transmission,PRT-6_1,gw,electricity,ESP-sink,3.0000118867011
227,ac_transmission,PRT_1,gw,electricity,PRT_2,3.9999967648372
227,ac_transmission,PRT_2,gw,electricity,PRT_1,3.9999967648372
228,ac_transmission,ESP-sink,gw,electricity,PRT-6_1,3.0000096602178
228,ac_transmission,PRT-6_1,gw,electricity,ESP-sink,3.0000096602178
228,ac_transmission,PRT_1,gw,electricity,PRT_2,3.9999998844923
228,ac_transmission,PRT_2,gw,electricity,PRT_1,3.9999998844923
229,ac_transmission,ESP-sink,gw,electricity,PRT-6_1,2.9999997005873
229,ac_transmission,PRT-6_1,gw,electricity,ESP-sink,2.9999997005873
229,ac_transmission,PRT_1,gw,electricity,PRT_2,4.000000059453201
229,ac_transmission,PRT_2,gw,electricity,PRT_1,4.000000059453201
230,ac_transmission,ESP-sink,gw,electricity,PRT-6_1,2.9999997902283
230,ac_transmission,PRT-6_1,gw,electricity,ESP-sink,2.9999997902283
230,ac_transmission,PRT_1,gw,electricity,PRT_2,3.9999999229379
230,ac_transmission,PRT_2,gw,electricity,PRT_1,3.9999999229379
231,ac_transmission,ESP-sink,gw,electricity,PRT-6_1,15.0
231,ac_transmission,PRT-6_1,gw,electricity,ESP-sink,15.0
231,ac_transmission,PRT_1,gw,electricity,PRT_2,5.4169068226465
231,ac_transmission,PRT_2,gw,electricity,PRT_1,5.4169068226465
232,ac_transmission,ESP-sink,gw,electricity,PRT-6_1,15.0
232,ac_transmission,PRT-6_1,gw,electricity,ESP-sink,15.0
232,ac_transmission,PRT_1,gw,electricity,PRT_2,4.1275302270769
232,ac_transmission,PRT_2,gw,electricity,PRT_1,4.1275302270769
233,ac_transmission,ESP-sink,gw,electricity,PRT-6_1,15.0
233,ac_transmission,PRT-6_1,gw,electricity,ESP-sink,15.0
233,ac_transmission,PRT_1,gw,electricity,PRT_2,4.0000077043063
233,ac_transmission,PRT_2,gw,electricity,PRT_1,4.0000077043063
234,ac_transmission,ESP-sink,gw,electricity,PRT-6_1,15.0
234,ac_transmission,PRT-6_1,gw,electricity,ESP-sink,15.0
234,ac_transmission,PRT_1,gw,electricity,PRT_2,4.580077046524
234,ac_transmission,PRT_2,gw,electricity,PRT_1,4.580077046524
235,ac_transmission,ESP-sink,gw,electricity,PRT-6_1,15.0
235,ac_transmission,PRT-6_1,gw,electricity,ESP-sink,15.0
235,ac_transmission,PRT_1,gw,electricity,PRT_2,4.691016675323
235,ac_transmission,PRT_2,gw,electricity,PRT_1,4.691016675323
236,ac_transmission,ESP-sink,gw,electricity,PRT-6_1,15.0
236,ac_transmission,PRT-6_1,gw,electricity,ESP-sink,15.0
236,ac_transmission,PRT_1,gw,electricity,PRT_2,4.1130871897717
236,ac_transmission,PRT_2,gw,electricity,PRT_1,4.1130871897717
237,ac_transmission,ESP-sink,gw,electricity,PRT-6_1,15.0
237,ac_transmission,PRT-6_1,gw,electricity,ESP-sink,15.0
237,ac_transmission,PRT_1,gw,electricity,PRT_2,4.454628122878
237,ac_transmission,PRT_2,gw,electricity,PRT_1,4.454628122878
238,ac_transmission,ESP-sink,gw,electricity,PRT-6_1,15.0
238,ac_transmission,PRT-6_1,gw,electricity,ESP-sink,15.0
238,ac_transmission,PRT_1,gw,electricity,PRT_2,4.5045085403414005
238,ac_transmission,PRT_2,gw,electricity,PRT_1,4.5045085403414005
239,ac_transmission,ESP-sink,gw,electricity,PRT-6_1,15.0
239,ac_transmission,PRT-6_1,gw,electricity,ESP-sink,15.0
239,ac_transmission,PRT_1,gw,electricity,PRT_2,4.5584353451311
239,ac_transmission,PRT_2,gw,electricity,PRT_1,4.5584353451311
240,ac_transmission,ESP-sink,gw,electricity,PRT-6_1,15.0
240,ac_transmission,PRT-6_1,gw,electricity,ESP-sink,15.0
240,ac_transmission,PRT_1,gw,electricity,PRT_2,4.6196809679654
240,ac_transmission,PRT_2,gw,electricity,PRT_1,4.6196809679654
241,ac_transmission,ESP-sink,gw,electricity,PRT-6_1,15.0
241,ac_transmission,PRT-6_1,gw,electricity,ESP-sink,15.0
241,ac_transmission,PRT_1,gw,electricity,PRT_2,4.867524959184
241,ac_transmission,PRT_2,gw,electricity,PRT_1,4.867524959184
242,ac_transmission,ESP-sink,gw,electricity,PRT-6_1,15.0
242,ac_transmission,PRT-6_1,gw,electricity,ESP-sink,15.0
242,ac_transmission,PRT_1,gw,electricity,PRT_2,5.100406282130099
242,ac_transmission,PRT_2,gw,electricity,PRT_1,5.100406282130099
243,ac_transmission,ESP-sink,gw,electricity,PRT-6_1,15.0
243,ac_transmission,PRT-6_1,gw,electricity,ESP-sink,15.0
243,ac_transmission,PRT_1,gw,electricity,PRT_2,5.363271920943
243,ac_transmission,PRT_2,gw,electricity,PRT_1,5.363271920943
244,ac_transmission,ESP-sink,gw,electricity,PRT-6_1,15.0
244,ac_transmission,PRT-6_1,gw,electricity,ESP-sink,15.0
244,ac_transmission,PRT_1,gw,electricity,PRT_2,5.4474852263214
244,ac_transmission,PRT_2,gw,electricity,PRT_1,5.4474852263214
245,ac_transmission,ESP-sink,gw,electricity,PRT-6_1,15.0
245,ac_transmission,PRT-6_1,gw,electricity,ESP-sink,15.0
245,ac_transmission,PRT_1,gw,electricity,PRT_2,5.5092173225401995
245,ac_transmission,PRT_2,gw,electricity,PRT_1,5.5092173225401995
246,ac_transmission,ESP-sink,gw,electricity,PRT-6_1,15.0
246,ac_transmission,PRT-6_1,gw,electricity,ESP-sink,15.0
246,ac_transmission,PRT_1,gw,electricity,PRT_2,5.5207008231522
246,ac_transmission,PRT_2,gw,electricity,PRT_1,5.5207008231522
247,ac_transmission,ESP-sink,gw,electricity,PRT-6_1,15.0
247,ac_transmission,PRT-6_1,gw,electricity,ESP-sink,15.0
247,ac_transmission,PRT_1,gw,electricity,PRT_2,5.5136539848855
247,ac_transmission,PRT_2,gw,electricity,PRT_1,5.5136539848855
248,ac_transmission,ESP-sink,gw,electricity,PRT-6_1,15.0
248,ac_transmission,PRT-6_1,gw,electricity,ESP-sink,15.0
248,ac_transmission,PRT_1,gw,electricity,PRT_2,5.5067483431222
248,ac_transmission,PRT_2,gw,electricity,PRT_1,5.5067483431222
249,ac_transmission,ESP-sink,gw,electricity,PRT-6_1,15.0
249,ac_transmission,PRT-6_1,gw,electricity,ESP-sink,15.0
249,ac_transmission,PRT_1,gw,electricity,PRT_2,5.505254665662401
249,ac_transmission,PRT_2,gw,electricity,PRT_1,5.505254665662401
250,ac_transmission,ESP-sink,gw,electricity,PRT-6_1,15.0
250,ac_transmission,PRT-6_1,gw,electricity,ESP-sink,15.0
250,ac_transmission,PRT_1,gw,electricity,PRT_2,5.504115503793099
250,ac_transmission,PRT_2,gw,electricity,PRT_1,5.504115503793099
251,ac_transmission,ESP-sink,gw,electricity,PRT-6_1,15.0
251,ac_transmission,PRT-6_1,gw,electricity,ESP-sink,15.0
251,ac_transmission,PRT_1,gw,electricity,PRT_2,6.2682251988024005
251,ac_transmission,PRT_2,gw,electricity,PRT_1,6.2682251988024005
252,ac_transmission,ESP-sink,gw,electricity,PRT-6_1,15.0
252,ac_transmission,PRT-6_1,gw,electricity,ESP-sink,15.0
252,ac_transmission,PRT_1,gw,electricity,PRT_2,6.1796396920926995
252,ac_transmission,PRT_2,gw,electricity,PRT_1,6.1796396920926995
253,ac_transmission,ESP-sink,gw,electricity,PRT-6_1,15.0
253,ac_transmission,PRT-6_1,gw,electricity,ESP-sink,15.0
253,ac_transmission,PRT_1,gw,electricity,PRT_2,6.3063892937554
253,ac_transmission,PRT_2,gw,electricity,PRT_1,6.3063892937554
254,ac_transmission,ESP-sink,gw,electricity,PRT-6_1,15.0
254,ac_transmission,PRT-6_1,gw,electricity,ESP-sink,15.0
254,ac_transmission,PRT_1,gw,electricity,PRT_2,6.3359765181833
254,ac_transmission,PRT_2,gw,electricity,PRT_1,6.3359765181833
255,ac_transmission,ESP-sink,gw,electricity,PRT-6_1,15.0
255,ac_transmission,PRT-6_1,gw,electricity,ESP-sink,15.0
255,ac_transmission,PRT_1,gw,electricity,PRT_2,6.2690077535625
255,ac_transmission,PRT_2,gw,electricity,PRT_1,6.2690077535625
256,ac_transmission,ESP-sink,gw,electricity,PRT-6_1,15.0
256,ac_transmission,PRT-6_1,gw,electricity,ESP-sink,15.0
256,ac_transmission,PRT_1,gw,electricity,PRT_2,6.2841280251073
256,ac_transmission,PRT_2,gw,electricity,PRT_1,6.2841280251073
257,ac_transmission,ESP-sink,gw,electricity,PRT-6_1,15.0
257,ac_transmission,PRT-6_1,gw,electricity,ESP-sink,15.0
257,ac_transmission,PRT_1,gw,electricity,PRT_2,6.2721097836624
257,ac_transmission,PRT_2,gw,electricity,PRT_1,6.2721097836624
258,ac_transmission,ESP-sink,gw,electricity,PRT-6_1,15.0
258,ac_transmission,PRT-6_1,gw,electricity,ESP-sink,15.0
258,ac_transmission,PRT_1,gw,electricity,PRT_2,6.3104839839935
258,ac_transmission,PRT_2,gw,electricity,PRT_1,6.3104839839935
259,ac_transmission,ESP-sink,gw,electricity,PRT-6_1,15.0
259,ac_transmission,PRT-6_1,gw,electricity,ESP-sink,15.0
259,ac_transmission,PRT_1,gw,electricity,PRT_2,6.272813926757699
259,ac_transmission,PRT_2,gw,electricity,PRT_1,6.272813926757699
260,ac_transmission,ESP-sink,gw,electricity,PRT-6_1,15.0
260,ac_transmission,PRT-6_1,gw,electricity,ESP-sink,15.0
260,ac_transmission,PRT_1,gw,electricity,PRT_2,6.290016073992099
260,ac_transmission,PRT_2,gw,electricity,PRT_1,6.290016073992099
0,ac_transmission,ESP-sink,gw,electricity,PRT-6_1,15.0
1,ac_transmission,ESP-sink,gw,electricity,PRT-6_1,3.0000051227844
2,ac_transmission,ESP-sink,gw,electricity,PRT-6_1,4.4884022592824
3,ac_transmission,ESP-sink,gw,electricity,PRT-6_1,3.2493568572126
4,ac_transmission,ESP-sink,gw,electricity,PRT-6_1,3.6996763507579
5,ac_transmission,ESP-sink,gw,electricity,PRT-6_1,3.0665241024723
6,ac_transmission,ESP-sink,gw,electricity,PRT-6_1,3.2924214474873996
7,ac_transmission,ESP-sink,gw,electricity,PRT-6_1,3.1763023288313996
8,ac_transmission,ESP-sink,gw,electricity,PRT-6_1,3.0001440163904
9,ac_transmission,ESP-sink,gw,electricity,PRT-6_1,3.1426282733027002
10,ac_transmission,ESP-sink,gw,electricity,PRT-6_1,3.0000208594170004
11,ac_transmission,ESP-sink,gw,electricity,PRT-6_1,3.0000057740922
12,ac_transmission,ESP-sink,gw,electricity,PRT-6_1,3.0003672314052
13,ac_transmission,ESP-sink,gw,electricity,PRT-6_1,3.000056596491
14,ac_transmission,ESP-sink,gw,electricity,PRT-6_1,3.0006151217497
15,ac_transmission,ESP-sink,gw,electricity,PRT-6_1,2.9999998076981
16,ac_transmission,ESP-sink,gw,electricity,PRT-6_1,3.0004738718736
17,ac_transmission,ESP-sink,gw,electricity,PRT-6_1,3.0001740856541
18,ac_transmission,ESP-sink,gw,electricity,PRT-6_1,3.0011961739462003
19,ac_transmission,ESP-sink,gw,electricity,PRT-6_1,3.0000348933643
20,ac_transmission,ESP-sink,gw,electricity,PRT-6_1,3.0019408239853
21,ac_transmission,ESP-sink,gw,electricity,PRT-6_1,3.0010840760566
22,ac_transmission,ESP-sink,gw,electricity,PRT-6_1,3.0023006871322
23,ac_transmission,ESP-sink,gw,electricity,PRT-6_1,3.0009552206532
24,ac_transmission,ESP-sink,gw,electricity,PRT-6_1,3.0014859319880003
25,ac_transmission,ESP-sink,gw,electricity,PRT-6_1,3.0003972712883002
26,ac_transmission,ESP-sink,gw,electricity,PRT-6_1,3.0027700929704
27,ac_transmission,ESP-sink,gw,electricity,PRT-6_1,3.0003119526708
28,ac_transmission,ESP-sink,gw,electricity,PRT-6_1,3.0003034899738
29,ac_transmission,ESP-sink,gw,electricity,PRT-6_1,3.0009457185192
30,ac_transmission,ESP-sink,gw,electricity,PRT-6_1,3.0006956050788
31,ac_transmission,ESP-sink,gw,electricity,PRT-6_1,3.0077326447262
32,ac_transmission,ESP-sink,gw,electricity,PRT-6_1,3.0004037509156003
33,ac_transmission,ESP-sink,gw,electricity,PRT-6_1,3.0059298803923
34,ac_transmission,ESP-sink,gw,electricity,PRT-6_1,3.001582306284
35,ac_transmission,ESP-sink,gw,electricity,PRT-6_1,3.0020382529426
36,ac_transmission,ESP-sink,gw,electricity,PRT-6_1,3.0027671519969
37,ac_transmission,ESP-sink,gw,electricity,PRT-6_1,3.0004126050302
38,ac_transmission,ESP-sink,gw,electricity,PRT-6_1,3.0002884579683
39,ac_transmission,ESP-sink,gw,electricity,PRT-6_1,3.0000010160049997
40,ac_transmission,ESP-sink,gw,electricity,PRT-6_1,3.0000999581114
41,ac_transmission,ESP-sink,gw,electricity,PRT-6_1,3.0010985250599
42,ac_transmission,ESP-sink,gw,electricity,PRT-6_1,3.0012868348
43,ac_transmission,ESP-sink,gw,electricity,PRT-6_1,3.0023576513016996
44,ac_transmission,ESP-sink,gw,electricity,PRT-6_1,3.0005412106283997
45,ac_transmission,ESP-sink,gw,electricity,PRT-6_1,3.0004460057807
46,ac_transmission,ESP-sink,gw,electricity,PRT-6_1,3.0000930112379
47,ac_transmission,ESP-sink,gw,electricity,PRT-6_1,3.0016823776583
48,ac_transmission,ESP-sink,gw,electricity,PRT-6_1,3.0015675596452
49,ac_transmission,ESP-sink,gw,electricity,PRT-6_1,3.0014550347169
50,ac_transmission,ESP-sink,gw,electricity,PRT-6_1,3.0001441177059
51,ac_transmission,ESP-sink,gw,electricity,PRT-6_1,3.0000514471519
52,ac_transmission,ESP-sink,gw,electricity,PRT-6_1,3.0002028590660004
53,ac_transmission,ESP-sink,gw,electricity,PRT-6_1,3.0002434467938
54,ac_transmission,ESP-sink,gw,electricity,PRT-6_1,3.0000697685845
55,ac_transmission,ESP-sink,gw,electricity,PRT-6_1,3.0000166772915002
56,ac_transmission,ESP-sink,gw,electricity,PRT-6_1,3.0000127249489004
57,ac_transmission,ESP-sink,gw,electricity,PRT-6_1,3.0000074582011997
58,ac_transmission,ESP-sink,gw,electricity,PRT-6_1,3.0000224435237
59,ac_transmission,ESP-sink,gw,electricity,PRT-6_1,3.0000040227422002
60,ac_transmission,ESP-sink,gw,electricity,PRT-6_1,3.0000119663598
61,ac_transmission,ESP-sink,gw,electricity,PRT-6_1,3.0000073356887
62,ac_transmission,ESP-sink,gw,electricity,PRT-6_1,3.0015733394508
63,ac_transmission,ESP-sink,gw,electricity,PRT-6_1,3.0000052499117
64,ac_transmission,ESP-sink,gw,electricity,PRT-6_1,3.0001044087043
65,ac_transmission,ESP-sink,gw,electricity,PRT-6_1,3.0000007661511
66,ac_transmission,ESP-sink,gw,electricity,PRT-6_1,3.0000782229198
67,ac_transmission,ESP-sink,gw,electricity,PRT-6_1,3.0000078989181
68,ac_transmission,ESP-sink,gw,electricity,PRT-6_1,3.0000037357836997
69,ac_transmission,ESP-sink,gw,electricity,PRT-6_1,3.0000023074208
70,ac_transmission,ESP-sink,gw,electricity,PRT-6_1,3.0000576090281
71,ac_transmission,ESP-sink,gw,electricity,PRT-6_1,3.0000109517469
72,ac_transmission,ESP-sink,gw,electricity,PRT-6_1,2.9999998962619
73,ac_transmission,ESP-sink,gw,electricity,PRT-6_1,3.0000660014006
74,ac_transmission,ESP-sink,gw,electricity,PRT-6_1,2.9999999600466998
75,ac_transmission,ESP-sink,gw,electricity,PRT-6_1,3.000003572413
76,ac_transmission,ESP-sink,gw,electricity,PRT-6_1,3.0000475377255
77,ac_transmission,ESP-sink,gw,electricity,PRT-6_1,3.0000139245402
78,ac_transmission,ESP-sink,gw,electricity,PRT-6_1,2.9999999230404
79,ac_transmission,ESP-sink,gw,electricity,PRT-6_1,3.0000055232054
80,ac_transmission,ESP-sink,gw,electricity,PRT-6_1,3.0000031007647
81,ac_transmission,ESP-sink,gw,electricity,PRT-6_1,3.3158753777318997
82,ac_transmission,ESP-sink,gw,electricity,PRT-6_1,3.1828645731935
83,ac_transmission,ESP-sink,gw,electricity,PRT-6_1,3.3166233325104
84,ac_transmission,ESP-sink,gw,electricity,PRT-6_1,3.6730587275052002
85,ac_transmission,ESP-sink,gw,electricity,PRT-6_1,3.4988425611163
86,ac_transmission,ESP-sink,gw,electricity,PRT-6_1,3.7956223167235996
87,ac_transmission,ESP-sink,gw,electricity,PRT-6_1,3.1513715752868
88,ac_transmission,ESP-sink,gw,electricity,PRT-6_1,3.0000335518605
89,ac_transmission,ESP-sink,gw,electricity,PRT-6_1,3.0001080297795997
90,ac_transmission,ESP-sink,gw,electricity,PRT-6_1,3.0988384263356
91,ac_transmission,ESP-sink,gw,electricity,PRT-6_1,4.6544790024723
92,ac_transmission,ESP-sink,gw,electricity,PRT-6_1,4.546731751300699
93,ac_transmission,ESP-sink,gw,electricity,PRT-6_1,3.35808739103
94,ac_transmission,ESP-sink,gw,electricity,PRT-6_1,3.0000047359383
95,ac_transmission,ESP-sink,gw,electricity,PRT-6_1,3.0000222142645
96,ac_transmission,ESP-sink,gw,electricity,PRT-6_1,3.0000068586887
97,ac_transmission,ESP-sink,gw,electricity,PRT-6_1,3.0000054908151
98,ac_transmission,ESP-sink,gw,electricity,PRT-6_1,3.0000041328752003
99,ac_transmission,ESP-sink,gw,electricity,PRT-6_1,3.0000058436413997
100,ac_transmission,ESP-sink,gw,electricity,PRT-6_1,3.0000074342695
101,ac_transmission,ESP-sink,gw,electricity,PRT-6_1,3.7928265827964998
102,ac_transmission,ESP-sink,gw,electricity,PRT-6_1,3.6029820526104004
103,ac_transmission,ESP-sink,gw,electricity,PRT-6_1,3.6649806519443002
104,ac_transmission,ESP-sink,gw,electricity,PRT-6_1,3.1589802089694
105,ac_transmission,ESP-sink,gw,electricity,PRT-6_1,3.0000071221907003
106,ac_transmission,ESP-sink,gw,electricity,PRT-6_1,3.0000117994538
107,ac_transmission,ESP-sink,gw,electricity,PRT-6_1,3.0000027269981997
108,ac_transmission,ESP-sink,gw,electricity,PRT-6_1,3.0000006235778
109,ac_transmission,ESP-sink,gw,electricity,PRT-6_1,3.0000015196827996
110,ac_transmission,ESP-sink,gw,electricity,PRT-6_1,3.0000182521559
111,ac_transmission,ESP-sink,gw,electricity,PRT-6_1,3.0000074478907
112,ac_transmission,ESP-sink,gw,electricity,PRT-6_1,3.0003670999297
113,ac_transmission,ESP-sink,gw,electricity,PRT-6_1,3.0001323991734
114,ac_transmission,ESP-sink,gw,electricity,PRT-6_1,3.0000026267961
115,ac_transmission,ESP-sink,gw,electricity,PRT-6_1,3.0000096556642
116,ac_transmission,ESP-sink,gw,electricity,PRT-6_1,3.0000131618774
117,ac_transmission,ESP-sink,gw,electricity,PRT-6_1,3.0000134739832998
118,ac_transmission,ESP-sink,gw,electricity,PRT-6_1,3.000002507047
119,ac_transmission,ESP-sink,gw,electricity,PRT-6_1,3.0000171733650998
120,ac_transmission,ESP-sink,gw,electricity,PRT-6_1,3.0000172942717
121,ac_transmission,ESP-sink,gw,electricity,PRT-6_1,3.0001250819848
122,ac_transmission,ESP-sink,gw,electricity,PRT-6_1,3.0000028435277
123,ac_transmission,ESP-sink,gw,electricity,PRT-6_1,3.0000266808284
124,ac_transmission,ESP-sink,gw,electricity,PRT-6_1,3.0001050070413
125,ac_transmission,ESP-sink,gw,electricity,PRT-6_1,2.9999967225669
126,ac_transmission,ESP-sink,gw,electricity,PRT-6_1,3.0000120234823
127,ac_transmission,ESP-sink,gw,electricity,PRT-6_1,3.0000075230294
128,ac_transmission,ESP-sink,gw,electricity,PRT-6_1,3.000003530657
129,ac_transmission,ESP-sink,gw,electricity,PRT-6_1,3.0000213146807
130,ac_transmission,ESP-sink,gw,electricity,PRT-6_1,2.9999986396149
131,ac_transmission,ESP-sink,gw,electricity,PRT-6_1,3.000023529606
132,ac_transmission,ESP-sink,gw,electricity,PRT-6_1,3.0000322496272998
133,ac_transmission,ESP-sink,gw,electricity,PRT-6_1,3.0002740659372
134,ac_transmission,ESP-sink,gw,electricity,PRT-6_1,3.0000193628250003
135,ac_transmission,ESP-sink,gw,electricity,PRT-6_1,3.000029297078
136,ac_transmission,ESP-sink,gw,electricity,PRT-6_1,3.0000256091471
137,ac_transmission,ESP-sink,gw,electricity,PRT-6_1,3.0000118867011
138,ac_transmission,ESP-sink,gw,electricity,PRT-6_1,3.0000096602178
139,ac_transmission,ESP-sink,gw,electricity,PRT-6_1,2.9999997005873
140,ac_transmission,ESP-sink,gw,electricity,PRT-6_1,2.9999997902283
141,ac_transmission,ESP-sink,gw,electricity,PRT-6_1,3.0000000324737
142,ac_transmission,ESP-sink,gw,electricity,PRT-6_1,3.0001771432008
143,ac_transmission,ESP-sink,gw,electricity,PRT-6_1,3.0001429659184
144,ac_transmission,ESP-sink,gw,electricity,PRT-6_1,3.0000307373538
145,ac_transmission,ESP-sink,gw,electricity,PRT-6_1,3.0000741530515
146,ac_transmission,ESP-sink,gw,electricity,PRT-6_1,3.0000044367658
147,ac_transmission,ESP-sink,gw,electricity,PRT-6_1,3.0000080846623
148,ac_transmission,ESP-sink,gw,electricity,PRT-6_1,3.0000011159763997
149,ac_transmission,ESP-sink,gw,electricity,PRT-6_1,3.0000054036806
150,ac_transmission,ESP-sink,gw,electricity,PRT-6_1,3.0000130900999
151,ac_transmission,ESP-sink,gw,electricity,PRT-6_1,6.113476720533
152,ac_transmission,ESP-sink,gw,electricity,PRT-6_1,4.655672110596
153,ac_transmission,ESP-sink,gw,electricity,PRT-6_1,4.7609335584873
154,ac_transmission,ESP-sink,gw,electricity,PRT-6_1,4.7692536893793
155,ac_transmission,ESP-sink,gw,electricity,PRT-6_1,4.800438303834
156,ac_transmission,ESP-sink,gw,electricity,PRT-6_1,4.4690728742911
157,ac_transmission,ESP-sink,gw,electricity,PRT-6_1,3.9781114204334003
158,ac_transmission,ESP-sink,gw,electricity,PRT-6_1,3.0000060691229997
159,ac_transmission,ESP-sink,gw,electricity,PRT-6_1,3.0000080240132
160,ac_transmission,ESP-sink,gw,electricity,PRT-6_1,3.0000019365624997
161,ac_transmission,ESP-sink,gw,electricity,PRT-6_1,4.875136945076299
162,ac_transmission,ESP-sink,gw,electricity,PRT-6_1,4.7592044480140006
163,ac_transmission,ESP-sink,gw,electricity,PRT-6_1,4.717873631234601
164,ac_transmission,ESP-sink,gw,electricity,PRT-6_1,4.4675992963201
165,ac_transmission,ESP-sink,gw,electricity,PRT-6_1,3.0000008738141997
166,ac_transmission,ESP-sink,gw,electricity,PRT-6_1,2.9999998928408997
167,ac_transmission,ESP-sink,gw,electricity,PRT-6_1,3.0000027731916
168,ac_transmission,ESP-sink,gw,electricity,PRT-6_1,2.9999988850264
169,ac_transmission,ESP-sink,gw,electricity,PRT-6_1,3.000002785569
170,ac_transmission,ESP-sink,gw,electricity,PRT-6_1,3.0000074031814
171,ac_transmission,ESP-sink,gw,electricity,PRT-6_1,14.999985291571099
172,ac_transmission,ESP-sink,gw,electricity,PRT-6_1,5.0227224756227
173,ac_transmission,ESP-sink,gw,electricity,PRT-6_1,3.6845374951186
174,ac_transmission,ESP-sink,gw,electricity,PRT-6_1,3.000288905092
175,ac_transmission,ESP-sink,gw,electricity,PRT-6_1,3.0000096775112
176,ac_transmission,ESP-sink,gw,electricity,PRT-6_1,3.0001174705248004
177,ac_transmission,ESP-sink,gw,electricity,PRT-6_1,3.0000009696449
178,ac_transmission,ESP-sink,gw,electricity,PRT-6_1,3.0000005919258
179,ac_transmission,ESP-sink,gw,electricity,PRT-6_1,3.0000124707951
180,ac_transmission,ESP-sink,gw,electricity,PRT-6_1,3.0000010509267
181,ac_transmission,ESP-sink,gw,electricity,PRT-6_1,3.6914153188405
182,ac_transmission,ESP-sink,gw,electricity,PRT-6_1,3.2263028838377
183,ac_transmission,ESP-sink,gw,electricity,PRT-6_1,3.4513378208277
184,ac_transmission,ESP-sink,gw,electricity,PRT-6_1,3.0000014418336
185,ac_transmission,ESP-sink,gw,electricity,PRT-6_1,3.0000014274373
186,ac_transmission,ESP-sink,gw,electricity,PRT-6_1,3.0000394175058
187,ac_transmission,ESP-sink,gw,electricity,PRT-6_1,3.0000393590687997
188,ac_transmission,ESP-sink,gw,electricity,PRT-6_1,2.9999998135841
189,ac_transmission,ESP-sink,gw,electricity,PRT-6_1,3.0000046705565
190,ac_transmission,ESP-sink,gw,electricity,PRT-6_1,3.0000061953416
191,ac_transmission,ESP-sink,gw,electricity,PRT-6_1,3.670227265996
192,ac_transmission,ESP-sink,gw,electricity,PRT-6_1,3.1833368513122
193,ac_transmission,ESP-sink,gw,electricity,PRT-6_1,3.4098411028137
194,ac_transmission,ESP-sink,gw,electricity,PRT-6_1,3.0000014731460003
195,ac_transmission,ESP-sink,gw,electricity,PRT-6_1,3.0000006540972
196,ac_transmission,ESP-sink,gw,electricity,PRT-6_1,3.0000010336686
197,ac_transmission,ESP-sink,gw,electricity,PRT-6_1,3.0000634770178003
198,ac_transmission,ESP-sink,gw,electricity,PRT-6_1,3.0000057247077003
199,ac_transmission,ESP-sink,gw,electricity,PRT-6_1,3.0000029359887
200,ac_transmission,ESP-sink,gw,electricity,PRT-6_1,3.0000024789352
201,ac_transmission,ESP-sink,gw,electricity,PRT-6_1,4.1481388466277
202,ac_transmission,ESP-sink,gw,electricity,PRT-6_1,3.0000682897102
203,ac_transmission,ESP-sink,gw,electricity,PRT-6_1,3.0000009605715
204,ac_transmission,ESP-sink,gw,electricity,PRT-6_1,3.0000052239634
205,ac_transmission,ESP-sink,gw,electricity,PRT-6_1,3.0000096127380997
206,ac_transmission,ESP-sink,gw,electricity,PRT-6_1,3.0000010763755003
207,ac_transmission,ESP-sink,gw,electricity,PRT-6_1,3.0001326700860997
208,ac_transmission,ESP-sink,gw,electricity,PRT-6_1,2.9999998711046
209,ac_transmission,ESP-sink,gw,electricity,PRT-6_1,2.9999998035621
210,ac_transmission,ESP-sink,gw,electricity,PRT-6_1,3.0000013384508
211,ac_transmission,ESP-sink,gw,electricity,PRT-6_1,3.0000001920078
212,ac_transmission,ESP-sink,gw,electricity,PRT-6_1,3.0000134136121
213,ac_transmission,ESP-sink,gw,electricity,PRT-6_1,3.0000094828733
214,ac_transmission,ESP-sink,gw,electricity,PRT-6_1,3.0000229618597998
215,ac_transmission,ESP-sink,gw,electricity,PRT-6_1,3.0000082690741
216,ac_transmission,ESP-sink,gw,electricity,PRT-6_1,3.0000098236463
217,ac_transmission,ESP-sink,gw,electricity,PRT-6_1,3.000101697421
218,ac_transmission,ESP-sink,gw,electricity,PRT-6_1,3.0000924488253
219,ac_transmission,ESP-sink,gw,electricity,PRT-6_1,3.0000090655681
220,ac_transmission,ESP-sink,gw,electricity,PRT-6_1,3.0000056765821
221,ac_transmission,ESP-sink,gw,electricity,PRT-6_1,3.000023529606
222,ac_transmission,ESP-sink,gw,electricity,PRT-6_1,3.0000322496272998
223,ac_transmission,ESP-sink,gw,electricity,PRT-6_1,3.0002740659372
224,ac_transmission,ESP-sink,gw,electricity,PRT-6_1,3.0000193628250003
225,ac_transmission,ESP-sink,gw,electricity,PRT-6_1,3.000029297078
226,ac_transmission,ESP-sink,gw,electricity,PRT-6_1,3.0000256091471
227,ac_transmission,ESP-sink,gw,electricity,PRT-6_1,3.0000118867011
228,ac_transmission,ESP-sink,gw,electricity,PRT-6_1,3.0000096602178
229,ac_transmission,ESP-sink,gw,electricity,PRT-6_1,2.9999997005873
230,ac_transmission,ESP-sink,gw,electricity,PRT-6_1,2.9999997902283
231,ac_transmission,ESP-sink,gw,electricity,PRT-6_1,15.0
232,ac_transmission,ESP-sink,gw,electricity,PRT-6_1,15.0
233,ac_transmission,ESP-sink,gw,electricity,PRT-6_1,15.0
234,ac_transmission,ESP-sink,gw,electricity,PRT-6_1,15.0
235,ac_transmission,ESP-sink,gw,electricity,PRT-6_1,15.0
236,ac_transmission,ESP-sink,gw,electricity,PRT-6_1,15.0
237,ac_transmission,ESP-sink,gw,electricity,PRT-6_1,15.0
238,ac_transmission,ESP-sink,gw,electricity,PRT-6_1,15.0
239,ac_transmission,ESP-sink,gw,electricity,PRT-6_1,15.0
240,ac_transmission,ESP-sink,gw,electricity,PRT-6_1,15.0
241,ac_transmission,ESP-sink,gw,electricity,PRT-6_1,15.0
242,ac_transmission,ESP-sink,gw,electricity,PRT-6_1,15.0
243,ac_transmission,ESP-sink,gw,electricity,PRT-6_1,15.0
244,ac_transmission,ESP-sink,gw,electricity,PRT-6_1,15.0
245,ac_transmission,ESP-sink,gw,electricity,PRT-6_1,15.0
246,ac_transmission,ESP-sink,gw,electricity,PRT-6_1,15.0
247,ac_transmission,ESP-sink,gw,electricity,PRT-6_1,15.0
248,ac_transmission,ESP-sink,gw,electricity,PRT-6_1,15.0
249,ac_transmission,ESP-sink,gw,electricity,PRT-6_1,15.0
250,ac_transmission,ESP-sink,gw,electricity,PRT-6_1,15.0
251,ac_transmission,ESP-sink,gw,electricity,PRT-6_1,15.0
252,ac_transmission,ESP-sink,gw,electricity,PRT-6_1,15.0
253,ac_transmission,ESP-sink,gw,electricity,PRT-6_1,15.0
254,ac_transmission,ESP-sink,gw,electricity,PRT-6_1,15.0
255,ac_transmission,ESP-sink,gw,electricity,PRT-6_1,15.0
256,ac_transmission,ESP-sink,gw,electricity,PRT-6_1,15.0
257,ac_transmission,ESP-sink,gw,electricity,PRT-6_1,15.0
258,ac_transmission,ESP-sink,gw,electricity,PRT-6_1,15.0
259,ac_transmission,ESP-sink,gw,electricity,PRT-6_1,15.0
260,ac_transmission,ESP-sink,gw,electricity,PRT-6_1,15.0
